Workbook

Sheet 00_使い方
A1: 応答曲面法（RSM）ツール v1.1 ── 4因子・2次モデル
A2: 作成日 2026-09-30 ／ 同梱データは架空の乾燥炉データ（検証用） ／ 2因子版・3因子版・4因子版は別ファイル
A4: この版でできること
B5: 4因子の中心複合計画（面心／回転可能）・Box-Behnken計画の生成、安全限界チェック、ランダマイズ（完全ランダム／変更困難因子でグループ化した順序生成）、2次回帰・ANOVA・適合度の欠如・残差診断・モデル縮小、正準解析（停留点・固有値）、領域内の最適化（点予測／予測限界ベース）、工程窓の可視化と組合せチェック、確認実験の判定
A6: 手順と判断ゲート
A7: ① 01_因子設定 | B7: 因子名・単位・範囲（±1）・安全限界、Yの方向と規格、計画の種類、中心点数を入力。『安全限界チェック』が×の計画は実行不可。
A8: ② 02_実験計画 | B8: 標準順の計画と実験順序を確認（通常は触らない）。順序を変えたいときは乱数キーを入れ替え。
A9: ③ 03_実験結果 | B9: 実験順に実施し、Yを入力。異常があればメモ欄へ。
A10: ④ 04_回帰ANOVA | B10: 判断ゲートに×がないことを確認し、△は内容を理解して記録。不要項はB列を0にして除外（階層性に注意）。
A11: ⑤ 05_残差診断 | B11: グラフでパターン・外れ値を目視確認。外れ値は消す前に原因を調査。
A12: ⑥ 06_正準解析 | B12: 停留点が最大／最小／鞍点か、領域内か外かを確認。鞍点・領域外なら07の探索結果を採用。
A13: ⑦ 07_最適化 | B13: ロバスト最適（規格側の予測限界と規格の差が最大）を推奨条件とする。必要ならSolverで精密化。
A14: ⑧ 08_工程窓 | B14: 2因子断面の緑領域が工程窓。③の1因子窓は楽観的なので、④で運用範囲の全組合せを必ず確認。
A15: ⑨ 09_確認実験 | B15: 推奨条件で確認実験。両側予測区間内なら採用、外れたら計画・モデルを見直す。
A16: セルの色
A17: 黄色・青字 | B17: 入力セル。ほかは計算式なので編集しない。
A18: 『_』で始まるシート | B18: 計算用（編集不要）。_XtX＝回帰の行列計算、_grid＝6561点の探索、_eig＝固有値、_slice＝断面、_win＝工程窓。
A19: 前提と限界（重要）
A20: コード化単位 | B20: 回帰係数は −1〜+1 に正規化した単位。係数の大小がそのまま効果の大きさ比較になる。
A21: 予測限界の片側／両側 | B21: 工程窓・ロバスト最適は、最大化・最小化では片側の予測限界（信頼水準95%なら下側95%限界＝t0.95）、目標値では両側予測区間（t0.975）で判定。確認実験の判定は常に両側予測区間。
A22: 予測区間と許容区間 | B22: 予測区間が保証するのは『将来の1回の測定値』。量産で『ロットの大部分（例：99%）が規格内』と言うには許容区間（Tolerance Interval）が本来の指標で、予測区間より広くなる。この工程窓は量産の工程能力保証ではなく、条件設定の目安として使う。量産移行時は工程能力調査（Cpk）で確認。
A23: 探索範囲 | B23: 最適化・工程窓は ±1（要因点の範囲）内のみ。外挿はしない。BBDは頂点付近にデータがないため半径√2の球内に限定。
A24: 分割区画（Split-Plot） | B24: v1は分割区画の解析に対応していない。『変更困難因子でグループ化』は実験順序を作るだけで、解析は完全ランダムとみなした近似（変更困難因子のp値は小さく出やすい）。04の判断ゲートに△を表示。正式な解析はJMP・R（lme4等）で。
A25: 固有値 | B25: Jacobi法の数値計算（48回転）。4×4行列では十分収束する。
A26: この版にないもの | B26: スクリーニング（Plackett-Burman）・曲率判定・最急上昇法（v2予定）、多目的最適化（望ましさ関数）・モンテカルロ・分割区画の正式解析（v3予定）。
A27: 動作環境 | B27: Excel 2019以降または Microsoft 365（1因子窓で MAXIFS/MINIFS を使用）。マクロなし。
A28: 架空データについて | B28: 炉温55〜75℃・乾燥時間20〜40min・循環風速1〜3m/s・給気率20〜60%、Y＝剥離強度（最大化、LSL=46.5）。数値はツール検証用の作り物。安全上限（炉温80℃等）も仮値なので、実案件では必ず再設定。01で回転可能CCDを選ぶと炉温の軸点が85℃になり、安全限界チェックが×になる例になっている。

Sheet 01_因子設定
A1: 01 因子と目的変数の設定（4因子）
A2: 黄色セル（青字）が入力欄。架空の乾燥炉データ（接着剤塗布後の溶剤乾燥・バッチ式）を例として入れてあります。
A4: No | B4: 因子名 | C4: 記号 | D4: 単位 | E4: 下限(-1) | F4: 上限(+1) | G4: 中心(0) | H4: 半幅 | I4: 安全下限 | J4: 安全上限 | K4: 変更困難 | L4: 安全下限(コード) | M4: 安全上限(コード) | N4: 備考
A5: 1 | B5: 炉温 | C5: X1 | D5: ℃ | E5: 55 | F5: 75 | G5: =(E5+F5)/2 -> 65 | H5: =(F5-E5)/2 -> 10 | J5: 80 | K5: ○ | L5: =IF(I5="",-99,(I5-G5)/H5) -> -99 | M5: =IF(J5="",99,(J5-G5)/H5) -> 1.5 | N5: 安全上限80℃は仮値。溶剤の引火点・防爆の温度等級から必ず再設定
A6: 2 | B6: 乾燥時間 | C6: X2 | D6: min | E6: 20 | F6: 40 | G6: =(E6+F6)/2 -> 30 | H6: =(F6-E6)/2 -> 10 | I6: 10 | L6: =IF(I6="",-99,(I6-G6)/H6) -> -2 | M6: =IF(J6="",99,(J6-G6)/H6) -> 99
A7: 3 | B7: 循環風速 | C7: X3 | D7: m/s | E7: 1 | F7: 3 | G7: =(E7+F7)/2 -> 2 | H7: =(F7-E7)/2 -> 1 | I7: 0.5 | J7: 4 | L7: =IF(I7="",-99,(I7-G7)/H7) -> -1.5 | M7: =IF(J7="",99,(J7-G7)/H7) -> 2 | N7: ファン能力の範囲
A8: 4 | B8: 給気率 | C8: X4 | D8: % | E8: 20 | F8: 60 | G8: =(E8+F8)/2 -> 40 | H8: =(F8-E8)/2 -> 20 | I8: 20 | J8: 100 | L8: =IF(I8="",-99,(I8-G8)/H8) -> -1 | M8: =IF(J8="",99,(J8-G8)/H8) -> 3 | N8: 防爆上、溶剤濃度を下げるため給気率下限あり（仮値）
A10: 目的変数（Y）
A11: 名称 | B11: 剥離強度
A12: 単位 | B12: N/25mm
A13: 最適化の方向 | B13: 最大化 | C13: 最大化→LSLのみ使用 / 最小化→USLのみ / 目標値→LSL・USL・T を使用
A14: 下限規格 LSL | B14: 46.5
A15: 上限規格 USL
A16: 目標値 T
A17: 予測区間の信頼水準 | B17: 0.95 | C17: 最大化・最小化は片側の予測限界（例：95%なら下側95%限界）、目標値は両側の予測区間で工程窓を判定
A19: 実験計画
A20: 計画の種類 | B20: 面心CCD(α=1) | C20: 4因子: CCD=要因16+軸8+中心、BBD=24+中心。BBDは全因子同時の極端条件（立方体の頂点）を含まない
A21: 中心点の数 | B21: 6 | C21: 純誤差（適合度の欠如の検定）に使うため3以上。推奨5〜6
A22: α（軸点距離） | B22: =IF(B20="回転可能CCD(α=2.000)",2,1) -> 1
A23: 総実験数 N | B23: =B26+B21 -> 30
A24: ランダマイズ方式 | B24: 完全ランダム | C24: グループ化＝変更困難因子の水準ごとに実験をまとめる順序生成のみ。解析は分割区画に対応していない（04に警告表示）
A25: 変更困難因子 No | B25: =IFERROR(MATCH("○",K5:K8,0),0) -> 1
A26: 計画点数（中心点除く） | B26: =IF(B20="Box-Behnken",24,24) -> 24
A27: 安全限界チェック（計画上の最小・最大の実値）
A28: 因子 | B28: 計画の最小 | C28: 計画の最大 | D28: 安全下限 | E28: 安全上限 | F28: 判定
A29: =B5 -> 炉温 | B29: =G5-$B$22*H5 -> 55 | C29: =G5+$B$22*H5 -> 75 | D29: =IF(I5="","―",I5) -> ― | E29: =IF(J5="","―",J5) -> 80 | F29: =IF(AND(OR(I5="",B29>=I5),OR(J5="",C29<=J5)),"OK","安全限界超過") -> OK
A30: =B6 -> 乾燥時間 | B30: =G6-$B$22*H6 -> 20 | C30: =G6+$B$22*H6 -> 40 | D30: =IF(I6="","―",I6) -> 10 | E30: =IF(J6="","―",J6) -> ― | F30: =IF(AND(OR(I6="",B30>=I6),OR(J6="",C30<=J6)),"OK","安全限界超過") -> OK
A31: =B7 -> 循環風速 | B31: =G7-$B$22*H7 -> 1 | C31: =G7+$B$22*H7 -> 3 | D31: =IF(I7="","―",I7) -> 0.5 | E31: =IF(J7="","―",J7) -> 4 | F31: =IF(AND(OR(I7="",B31>=I7),OR(J7="",C31<=J7)),"OK","安全限界超過") -> OK
A32: =B8 -> 給気率 | B32: =G8-$B$22*H8 -> 20 | C32: =G8+$B$22*H8 -> 60 | D32: =IF(I8="","―",I8) -> 20 | E32: =IF(J8="","―",J8) -> 100 | F32: =IF(AND(OR(I8="",B32>=I8),OR(J8="",C32<=J8)),"OK","安全限界超過") -> OK
A33: 総合判定 | B33: =IF(COUNTIF(F29:F32,"安全限界超過")>0,"× 安全限界を超える実験点あり → この計画は実行不可。面心CCDかBox-Behnkenへ変更、または範囲を縮小","○ 全実験点が安全限界内") -> ○ 全実験点が安全限界内

Sheet 02_実験計画
A1: 02 実験計画（標準順）とランダマイズ
A2: 計画の種類・中心点数は01で選択。乱数キーを入れ替えると実験順序が変わります（=RAND()を入れ→コピー→値貼り付け）。
A4: 標準順 | B4: 区分 | C4: 使用 | D4: X1(コード) | E4: X2(コード) | F4: X3(コード) | G4: X4(コード) | H4: ="X1 "&01_因子設定!B5&"["&01_因子設定!D5&"]" -> X1 炉温[℃] | I4: ="X2 "&01_因子設定!B6&"["&01_因子設定!D6&"]" -> X2 乾燥時間[min] | J4: ="X3 "&01_因子設定!B7&"["&01_因子設定!D7&"]" -> X3 循環風速[m/s] | K4: ="X4 "&01_因子設定!B8&"["&01_因子設定!D8&"]" -> X4 給気率[%] | L4: 安全判定 | M4: 乱数キー | N4: 並べ替えキー | O4: 実験順序 | P4: Y（03から） | R4: CCD1 | S4: CCD2 | T4: CCD3 | U4: CCD4 | V4: BBD1 | W4: BBD2 | X4: BBD3 | Y4: BBD4 | AA4: 水準(コード) | AB4: グループ順位
A5: 1 | B5: =IF(A5>01_因子設定!$B$23,"未使用",IF(A5>01_因子設定!$B$26,"中心点",IF(01_因子設定!$B$20="Box-Behnken","BBD点",IF(A5<=16,"要因点","軸点")))) -> 要因点 | C5: =IF(A5<=01_因子設定!$B$23,1,0) -> 1 | D5: =IF($C5=0,0,IF(01_因子設定!$B$20="Box-Behnken",V5,R5*IF($A5>16,01_因子設定!$B$22,1))) -> -1 | E5: =IF($C5=0,0,IF(01_因子設定!$B$20="Box-Behnken",W5,S5*IF($A5>16,01_因子設定!$B$22,1))) -> -1 | F5: =IF($C5=0,0,IF(01_因子設定!$B$20="Box-Behnken",X5,T5*IF($A5>16,01_因子設定!$B$22,1))) -> -1 | G5: =IF($C5=0,0,IF(01_因子設定!$B$20="Box-Behnken",Y5,U5*IF($A5>16,01_因子設定!$B$22,1))) -> -1 | H5: =IF($C5=1,01_因子設定!$G$5+D5*01_因子設定!$H$5,"") -> 55 | I5: =IF($C5=1,01_因子設定!$G$6+E5*01_因子設定!$H$6,"") -> 20 | J5: =IF($C5=1,01_因子設定!$G$7+F5*01_因子設定!$H$7,"") -> 1 | K5: =IF($C5=1,01_因子設定!$G$8+G5*01_因子設定!$H$8,"") -> 20 | L5: =IF(C5=0,"",IF(AND(OR(01_因子設定!$I$5="",H5>=01_因子設定!$I$5),OR(01_因子設定!$J$5="",H5<=01_因子設定!$J$5),OR(01_因子設定!$I$6="",I5>=01_因子設定!$I$6),OR(01_因子設定!$J$6="",I5<=01_因子設定!$J$6),OR(01_因子設定!$I$7="",J5>=01_因子設定!$I$7),OR(01_因子設定!$J$7="",J5<=01_因子設定!$J$7),OR(01_因子設定!$I$8="",K5>=01_因子設定!$I$8),OR(01_因子設定!$J$8="",K5<=01_因子設定!$J$8)),"OK","安全限界超過")) -> OK | M5: 0.091432 | N5: =IF(C5=0,99,IF(AND(01_因子設定!$B$24="変更困難因子でグループ化",01_因子設定!$B$25>0),VLOOKUP(ROUND(INDEX(D5:G5,01_因子設定!$B$25),6),$AA$5:$AB$9,2,FALSE())+M5*0.9,M5)) -> 0.091432 | O5: =IF(C5=1,SUMPRODUCT(($C$5:$C$38=1)*($N$5:$N$38<N5))+1,"") -> 5 | P5: =IF(C5=1,INDEX(03_実験結果!$I$5:$I$38,O5),0) -> 37.7 | R5: -1 | S5: -1 | T5: -1 | U5: -1 | V5: -1 | W5: -1 | X5: 0 | Y5: 0 | AA5: -2 | AB5: 3
A6: 2 | B6: =IF(A6>01_因子設定!$B$23,"未使用",IF(A6>01_因子設定!$B$26,"中心点",IF(01_因子設定!$B$20="Box-Behnken","BBD点",IF(A6<=16,"要因点","軸点")))) -> 要因点 | C6: =IF(A6<=01_因子設定!$B$23,1,0) -> 1 | D6: =IF($C6=0,0,IF(01_因子設定!$B$20="Box-Behnken",V6,R6*IF($A6>16,01_因子設定!$B$22,1))) -> 1 | E6: =IF($C6=0,0,IF(01_因子設定!$B$20="Box-Behnken",W6,S6*IF($A6>16,01_因子設定!$B$22,1))) -> -1 | F6: =IF($C6=0,0,IF(01_因子設定!$B$20="Box-Behnken",X6,T6*IF($A6>16,01_因子設定!$B$22,1))) -> -1 | G6: =IF($C6=0,0,IF(01_因子設定!$B$20="Box-Behnken",Y6,U6*IF($A6>16,01_因子設定!$B$22,1))) -> -1 | H6: =IF($C6=1,01_因子設定!$G$5+D6*01_因子設定!$H$5,"") -> 75 | I6: =IF($C6=1,01_因子設定!$G$6+E6*01_因子設定!$H$6,"") -> 20 | J6: =IF($C6=1,01_因子設定!$G$7+F6*01_因子設定!$H$7,"") -> 1 | K6: =IF($C6=1,01_因子設定!$G$8+G6*01_因子設定!$H$8,"") -> 20 | L6: =IF(C6=0,"",IF(AND(OR(01_因子設定!$I$5="",H6>=01_因子設定!$I$5),OR(01_因子設定!$J$5="",H6<=01_因子設定!$J$5),OR(01_因子設定!$I$6="",I6>=01_因子設定!$I$6),OR(01_因子設定!$J$6="",I6<=01_因子設定!$J$6),OR(01_因子設定!$I$7="",J6>=01_因子設定!$I$7),OR(01_因子設定!$J$7="",J6<=01_因子設定!$J$7),OR(01_因子設定!$I$8="",K6>=01_因子設定!$I$8),OR(01_因子設定!$J$8="",K6<=01_因子設定!$J$8)),"OK","安全限界超過")) -> OK | M6: 0.069287 | N6: =IF(C6=0,99,IF(AND(01_因子設定!$B$24="変更困難因子でグループ化",01_因子設定!$B$25>0),VLOOKUP(ROUND(INDEX(D6:G6,01_因子設定!$B$25),6),$AA$5:$AB$9,2,FALSE())+M6*0.9,M6)) -> 0.069287 | O6: =IF(C6=1,SUMPRODUCT(($C$5:$C$38=1)*($N$5:$N$38<N6))+1,"") -> 3 | P6: =IF(C6=1,INDEX(03_実験結果!$I$5:$I$38,O6),0) -> 39.4 | R6: 1 | S6: -1 | T6: -1 | U6: -1 | V6: 1 | W6: -1 | X6: 0 | Y6: 0 | AA6: -1 | AB6: 1
A7: 3 | B7: =IF(A7>01_因子設定!$B$23,"未使用",IF(A7>01_因子設定!$B$26,"中心点",IF(01_因子設定!$B$20="Box-Behnken","BBD点",IF(A7<=16,"要因点","軸点")))) -> 要因点 | C7: =IF(A7<=01_因子設定!$B$23,1,0) -> 1 | D7: =IF($C7=0,0,IF(01_因子設定!$B$20="Box-Behnken",V7,R7*IF($A7>16,01_因子設定!$B$22,1))) -> -1 | E7: =IF($C7=0,0,IF(01_因子設定!$B$20="Box-Behnken",W7,S7*IF($A7>16,01_因子設定!$B$22,1))) -> 1 | F7: =IF($C7=0,0,IF(01_因子設定!$B$20="Box-Behnken",X7,T7*IF($A7>16,01_因子設定!$B$22,1))) -> -1 | G7: =IF($C7=0,0,IF(01_因子設定!$B$20="Box-Behnken",Y7,U7*IF($A7>16,01_因子設定!$B$22,1))) -> -1 | H7: =IF($C7=1,01_因子設定!$G$5+D7*01_因子設定!$H$5,"") -> 55 | I7: =IF($C7=1,01_因子設定!$G$6+E7*01_因子設定!$H$6,"") -> 40 | J7: =IF($C7=1,01_因子設定!$G$7+F7*01_因子設定!$H$7,"") -> 1 | K7: =IF($C7=1,01_因子設定!$G$8+G7*01_因子設定!$H$8,"") -> 20 | L7: =IF(C7=0,"",IF(AND(OR(01_因子設定!$I$5="",H7>=01_因子設定!$I$5),OR(01_因子設定!$J$5="",H7<=01_因子設定!$J$5),OR(01_因子設定!$I$6="",I7>=01_因子設定!$I$6),OR(01_因子設定!$J$6="",I7<=01_因子設定!$J$6),OR(01_因子設定!$I$7="",J7>=01_因子設定!$I$7),OR(01_因子設定!$J$7="",J7<=01_因子設定!$J$7),OR(01_因子設定!$I$8="",K7>=01_因子設定!$I$8),OR(01_因子設定!$J$8="",K7<=01_因子設定!$J$8)),"OK","安全限界超過")) -> OK | M7: 0.635644 | N7: =IF(C7=0,99,IF(AND(01_因子設定!$B$24="変更困難因子でグループ化",01_因子設定!$B$25>0),VLOOKUP(ROUND(INDEX(D7:G7,01_因子設定!$B$25),6),$AA$5:$AB$9,2,FALSE())+M7*0.9,M7)) -> 0.635644 | O7: =IF(C7=1,SUMPRODUCT(($C$5:$C$38=1)*($N$5:$N$38<N7))+1,"") -> 23 | P7: =IF(C7=1,INDEX(03_実験結果!$I$5:$I$38,O7),0) -> 38.7 | R7: -1 | S7: 1 | T7: -1 | U7: -1 | V7: -1 | W7: 1 | X7: 0 | Y7: 0 | AA7: 0 | AB7: 5
A8: 4 | B8: =IF(A8>01_因子設定!$B$23,"未使用",IF(A8>01_因子設定!$B$26,"中心点",IF(01_因子設定!$B$20="Box-Behnken","BBD点",IF(A8<=16,"要因点","軸点")))) -> 要因点 | C8: =IF(A8<=01_因子設定!$B$23,1,0) -> 1 | D8: =IF($C8=0,0,IF(01_因子設定!$B$20="Box-Behnken",V8,R8*IF($A8>16,01_因子設定!$B$22,1))) -> 1 | E8: =IF($C8=0,0,IF(01_因子設定!$B$20="Box-Behnken",W8,S8*IF($A8>16,01_因子設定!$B$22,1))) -> 1 | F8: =IF($C8=0,0,IF(01_因子設定!$B$20="Box-Behnken",X8,T8*IF($A8>16,01_因子設定!$B$22,1))) -> -1 | G8: =IF($C8=0,0,IF(01_因子設定!$B$20="Box-Behnken",Y8,U8*IF($A8>16,01_因子設定!$B$22,1))) -> -1 | H8: =IF($C8=1,01_因子設定!$G$5+D8*01_因子設定!$H$5,"") -> 75 | I8: =IF($C8=1,01_因子設定!$G$6+E8*01_因子設定!$H$6,"") -> 40 | J8: =IF($C8=1,01_因子設定!$G$7+F8*01_因子設定!$H$7,"") -> 1 | K8: =IF($C8=1,01_因子設定!$G$8+G8*01_因子設定!$H$8,"") -> 20 | L8: =IF(C8=0,"",IF(AND(OR(01_因子設定!$I$5="",H8>=01_因子設定!$I$5),OR(01_因子設定!$J$5="",H8<=01_因子設定!$J$5),OR(01_因子設定!$I$6="",I8>=01_因子設定!$I$6),OR(01_因子設定!$J$6="",I8<=01_因子設定!$J$6),OR(01_因子設定!$I$7="",J8>=01_因子設定!$I$7),OR(01_因子設定!$J$7="",J8<=01_因子設定!$J$7),OR(01_因子設定!$I$8="",K8>=01_因子設定!$I$8),OR(01_因子設定!$J$8="",K8<=01_因子設定!$J$8)),"OK","安全限界超過")) -> OK | M8: 0.367067 | N8: =IF(C8=0,99,IF(AND(01_因子設定!$B$24="変更困難因子でグループ化",01_因子設定!$B$25>0),VLOOKUP(ROUND(INDEX(D8:G8,01_因子設定!$B$25),6),$AA$5:$AB$9,2,FALSE())+M8*0.9,M8)) -> 0.367067 | O8: =IF(C8=1,SUMPRODUCT(($C$5:$C$38=1)*($N$5:$N$38<N8))+1,"") -> 17 | P8: =IF(C8=1,INDEX(03_実験結果!$I$5:$I$38,O8),0) -> 46.6 | R8: 1 | S8: 1 | T8: -1 | U8: -1 | V8: 1 | W8: 1 | X8: 0 | Y8: 0 | AA8: 1 | AB8: 2
A9: 5 | B9: =IF(A9>01_因子設定!$B$23,"未使用",IF(A9>01_因子設定!$B$26,"中心点",IF(01_因子設定!$B$20="Box-Behnken","BBD点",IF(A9<=16,"要因点","軸点")))) -> 要因点 | C9: =IF(A9<=01_因子設定!$B$23,1,0) -> 1 | D9: =IF($C9=0,0,IF(01_因子設定!$B$20="Box-Behnken",V9,R9*IF($A9>16,01_因子設定!$B$22,1))) -> -1 | E9: =IF($C9=0,0,IF(01_因子設定!$B$20="Box-Behnken",W9,S9*IF($A9>16,01_因子設定!$B$22,1))) -> -1 | F9: =IF($C9=0,0,IF(01_因子設定!$B$20="Box-Behnken",X9,T9*IF($A9>16,01_因子設定!$B$22,1))) -> 1 | G9: =IF($C9=0,0,IF(01_因子設定!$B$20="Box-Behnken",Y9,U9*IF($A9>16,01_因子設定!$B$22,1))) -> -1 | H9: =IF($C9=1,01_因子設定!$G$5+D9*01_因子設定!$H$5,"") -> 55 | I9: =IF($C9=1,01_因子設定!$G$6+E9*01_因子設定!$H$6,"") -> 20 | J9: =IF($C9=1,01_因子設定!$G$7+F9*01_因子設定!$H$7,"") -> 3 | K9: =IF($C9=1,01_因子設定!$G$8+G9*01_因子設定!$H$8,"") -> 20 | L9: =IF(C9=0,"",IF(AND(OR(01_因子設定!$I$5="",H9>=01_因子設定!$I$5),OR(01_因子設定!$J$5="",H9<=01_因子設定!$J$5),OR(01_因子設定!$I$6="",I9>=01_因子設定!$I$6),OR(01_因子設定!$J$6="",I9<=01_因子設定!$J$6),OR(01_因子設定!$I$7="",J9>=01_因子設定!$I$7),OR(01_因子設定!$J$7="",J9<=01_因子設定!$J$7),OR(01_因子設定!$I$8="",K9>=01_因子設定!$I$8),OR(01_因子設定!$J$8="",K9<=01_因子設定!$J$8)),"OK","安全限界超過")) -> OK | M9: 0.101094 | N9: =IF(C9=0,99,IF(AND(01_因子設定!$B$24="変更困難因子でグループ化",01_因子設定!$B$25>0),VLOOKUP(ROUND(INDEX(D9:G9,01_因子設定!$B$25),6),$AA$5:$AB$9,2,FALSE())+M9*0.9,M9)) -> 0.101094 | O9: =IF(C9=1,SUMPRODUCT(($C$5:$C$38=1)*($N$5:$N$38<N9))+1,"") -> 6 | P9: =IF(C9=1,INDEX(03_実験結果!$I$5:$I$38,O9),0) -> 38.7 | R9: -1 | S9: -1 | T9: 1 | U9: -1 | V9: -1 | W9: 0 | X9: -1 | Y9: 0 | AA9: 2 | AB9: 4
A10: 6 | B10: =IF(A10>01_因子設定!$B$23,"未使用",IF(A10>01_因子設定!$B$26,"中心点",IF(01_因子設定!$B$20="Box-Behnken","BBD点",IF(A10<=16,"要因点","軸点")))) -> 要因点 | C10: =IF(A10<=01_因子設定!$B$23,1,0) -> 1 | D10: =IF($C10=0,0,IF(01_因子設定!$B$20="Box-Behnken",V10,R10*IF($A10>16,01_因子設定!$B$22,1))) -> 1 | E10: =IF($C10=0,0,IF(01_因子設定!$B$20="Box-Behnken",W10,S10*IF($A10>16,01_因子設定!$B$22,1))) -> -1 | F10: =IF($C10=0,0,IF(01_因子設定!$B$20="Box-Behnken",X10,T10*IF($A10>16,01_因子設定!$B$22,1))) -> 1 | G10: =IF($C10=0,0,IF(01_因子設定!$B$20="Box-Behnken",Y10,U10*IF($A10>16,01_因子設定!$B$22,1))) -> -1 | H10: =IF($C10=1,01_因子設定!$G$5+D10*01_因子設定!$H$5,"") -> 75 | I10: =IF($C10=1,01_因子設定!$G$6+E10*01_因子設定!$H$6,"") -> 20 | J10: =IF($C10=1,01_因子設定!$G$7+F10*01_因子設定!$H$7,"") -> 3 | K10: =IF($C10=1,01_因子設定!$G$8+G10*01_因子設定!$H$8,"") -> 20 | L10: =IF(C10=0,"",IF(AND(OR(01_因子設定!$I$5="",H10>=01_因子設定!$I$5),OR(01_因子設定!$J$5="",H10<=01_因子設定!$J$5),OR(01_因子設定!$I$6="",I10>=01_因子設定!$I$6),OR(01_因子設定!$J$6="",I10<=01_因子設定!$J$6),OR(01_因子設定!$I$7="",J10>=01_因子設定!$I$7),OR(01_因子設定!$J$7="",J10<=01_因子設定!$J$7),OR(01_因子設定!$I$8="",K10>=01_因子設定!$I$8),OR(01_因子設定!$J$8="",K10<=01_因子設定!$J$8)),"OK","安全限界超過")) -> OK | M10: 0.090437 | N10: =IF(C10=0,99,IF(AND(01_因子設定!$B$24="変更困難因子でグループ化",01_因子設定!$B$25>0),VLOOKUP(ROUND(INDEX(D10:G10,01_因子設定!$B$25),6),$AA$5:$AB$9,2,FALSE())+M10*0.9,M10)) -> 0.090437 | O10: =IF(C10=1,SUMPRODUCT(($C$5:$C$38=1)*($N$5:$N$38<N10))+1,"") -> 4 | P10: =IF(C10=1,INDEX(03_実験結果!$I$5:$I$38,O10),0) -> 40.1 | R10: 1 | S10: -1 | T10: 1 | U10: -1 | V10: 1 | W10: 0 | X10: -1 | Y10: 0
A11: 7 | B11: =IF(A11>01_因子設定!$B$23,"未使用",IF(A11>01_因子設定!$B$26,"中心点",IF(01_因子設定!$B$20="Box-Behnken","BBD点",IF(A11<=16,"要因点","軸点")))) -> 要因点 | C11: =IF(A11<=01_因子設定!$B$23,1,0) -> 1 | D11: =IF($C11=0,0,IF(01_因子設定!$B$20="Box-Behnken",V11,R11*IF($A11>16,01_因子設定!$B$22,1))) -> -1 | E11: =IF($C11=0,0,IF(01_因子設定!$B$20="Box-Behnken",W11,S11*IF($A11>16,01_因子設定!$B$22,1))) -> 1 | F11: =IF($C11=0,0,IF(01_因子設定!$B$20="Box-Behnken",X11,T11*IF($A11>16,01_因子設定!$B$22,1))) -> 1 | G11: =IF($C11=0,0,IF(01_因子設定!$B$20="Box-Behnken",Y11,U11*IF($A11>16,01_因子設定!$B$22,1))) -> -1 | H11: =IF($C11=1,01_因子設定!$G$5+D11*01_因子設定!$H$5,"") -> 55 | I11: =IF($C11=1,01_因子設定!$G$6+E11*01_因子設定!$H$6,"") -> 40 | J11: =IF($C11=1,01_因子設定!$G$7+F11*01_因子設定!$H$7,"") -> 3 | K11: =IF($C11=1,01_因子設定!$G$8+G11*01_因子設定!$H$8,"") -> 20 | L11: =IF(C11=0,"",IF(AND(OR(01_因子設定!$I$5="",H11>=01_因子設定!$I$5),OR(01_因子設定!$J$5="",H11<=01_因子設定!$J$5),OR(01_因子設定!$I$6="",I11>=01_因子設定!$I$6),OR(01_因子設定!$J$6="",I11<=01_因子設定!$J$6),OR(01_因子設定!$I$7="",J11>=01_因子設定!$I$7),OR(01_因子設定!$J$7="",J11<=01_因子設定!$J$7),OR(01_因子設定!$I$8="",K11>=01_因子設定!$I$8),OR(01_因子設定!$J$8="",K11<=01_因子設定!$J$8)),"OK","安全限界超過")) -> OK | M11: 0.588757 | N11: =IF(C11=0,99,IF(AND(01_因子設定!$B$24="変更困難因子でグループ化",01_因子設定!$B$25>0),VLOOKUP(ROUND(INDEX(D11:G11,01_因子設定!$B$25),6),$AA$5:$AB$9,2,FALSE())+M11*0.9,M11)) -> 0.588757 | O11: =IF(C11=1,SUMPRODUCT(($C$5:$C$38=1)*($N$5:$N$38<N11))+1,"") -> 22 | P11: =IF(C11=1,INDEX(03_実験結果!$I$5:$I$38,O11),0) -> 42.7 | R11: -1 | S11: 1 | T11: 1 | U11: -1 | V11: -1 | W11: 0 | X11: 1 | Y11: 0 | AA11: グループ順位＝変更困難因子の水準を実施する順番（1が最初）。入れ替え可
A12: 8 | B12: =IF(A12>01_因子設定!$B$23,"未使用",IF(A12>01_因子設定!$B$26,"中心点",IF(01_因子設定!$B$20="Box-Behnken","BBD点",IF(A12<=16,"要因点","軸点")))) -> 要因点 | C12: =IF(A12<=01_因子設定!$B$23,1,0) -> 1 | D12: =IF($C12=0,0,IF(01_因子設定!$B$20="Box-Behnken",V12,R12*IF($A12>16,01_因子設定!$B$22,1))) -> 1 | E12: =IF($C12=0,0,IF(01_因子設定!$B$20="Box-Behnken",W12,S12*IF($A12>16,01_因子設定!$B$22,1))) -> 1 | F12: =IF($C12=0,0,IF(01_因子設定!$B$20="Box-Behnken",X12,T12*IF($A12>16,01_因子設定!$B$22,1))) -> 1 | G12: =IF($C12=0,0,IF(01_因子設定!$B$20="Box-Behnken",Y12,U12*IF($A12>16,01_因子設定!$B$22,1))) -> -1 | H12: =IF($C12=1,01_因子設定!$G$5+D12*01_因子設定!$H$5,"") -> 75 | I12: =IF($C12=1,01_因子設定!$G$6+E12*01_因子設定!$H$6,"") -> 40 | J12: =IF($C12=1,01_因子設定!$G$7+F12*01_因子設定!$H$7,"") -> 3 | K12: =IF($C12=1,01_因子設定!$G$8+G12*01_因子設定!$H$8,"") -> 20 | L12: =IF(C12=0,"",IF(AND(OR(01_因子設定!$I$5="",H12>=01_因子設定!$I$5),OR(01_因子設定!$J$5="",H12<=01_因子設定!$J$5),OR(01_因子設定!$I$6="",I12>=01_因子設定!$I$6),OR(01_因子設定!$J$6="",I12<=01_因子設定!$J$6),OR(01_因子設定!$I$7="",J12>=01_因子設定!$I$7),OR(01_因子設定!$J$7="",J12<=01_因子設定!$J$7),OR(01_因子設定!$I$8="",K12>=01_因子設定!$I$8),OR(01_因子設定!$J$8="",K12<=01_因子設定!$J$8)),"OK","安全限界超過")) -> OK | M12: 0.395521 | N12: =IF(C12=0,99,IF(AND(01_因子設定!$B$24="変更困難因子でグループ化",01_因子設定!$B$25>0),VLOOKUP(ROUND(INDEX(D12:G12,01_因子設定!$B$25),6),$AA$5:$AB$9,2,FALSE())+M12*0.9,M12)) -> 0.395521 | O12: =IF(C12=1,SUMPRODUCT(($C$5:$C$38=1)*($N$5:$N$38<N12))+1,"") -> 18 | P12: =IF(C12=1,INDEX(03_実験結果!$I$5:$I$38,O12),0) -> 46.7 | R12: 1 | S12: 1 | T12: 1 | U12: -1 | V12: 1 | W12: 0 | X12: 1 | Y12: 0
A13: 9 | B13: =IF(A13>01_因子設定!$B$23,"未使用",IF(A13>01_因子設定!$B$26,"中心点",IF(01_因子設定!$B$20="Box-Behnken","BBD点",IF(A13<=16,"要因点","軸点")))) -> 要因点 | C13: =IF(A13<=01_因子設定!$B$23,1,0) -> 1 | D13: =IF($C13=0,0,IF(01_因子設定!$B$20="Box-Behnken",V13,R13*IF($A13>16,01_因子設定!$B$22,1))) -> -1 | E13: =IF($C13=0,0,IF(01_因子設定!$B$20="Box-Behnken",W13,S13*IF($A13>16,01_因子設定!$B$22,1))) -> -1 | F13: =IF($C13=0,0,IF(01_因子設定!$B$20="Box-Behnken",X13,T13*IF($A13>16,01_因子設定!$B$22,1))) -> -1 | G13: =IF($C13=0,0,IF(01_因子設定!$B$20="Box-Behnken",Y13,U13*IF($A13>16,01_因子設定!$B$22,1))) -> 1 | H13: =IF($C13=1,01_因子設定!$G$5+D13*01_因子設定!$H$5,"") -> 55 | I13: =IF($C13=1,01_因子設定!$G$6+E13*01_因子設定!$H$6,"") -> 20 | J13: =IF($C13=1,01_因子設定!$G$7+F13*01_因子設定!$H$7,"") -> 1 | K13: =IF($C13=1,01_因子設定!$G$8+G13*01_因子設定!$H$8,"") -> 60 | L13: =IF(C13=0,"",IF(AND(OR(01_因子設定!$I$5="",H13>=01_因子設定!$I$5),OR(01_因子設定!$J$5="",H13<=01_因子設定!$J$5),OR(01_因子設定!$I$6="",I13>=01_因子設定!$I$6),OR(01_因子設定!$J$6="",I13<=01_因子設定!$J$6),OR(01_因子設定!$I$7="",J13>=01_因子設定!$I$7),OR(01_因子設定!$J$7="",J13<=01_因子設定!$J$7),OR(01_因子設定!$I$8="",K13>=01_因子設定!$I$8),OR(01_因子設定!$J$8="",K13<=01_因子設定!$J$8)),"OK","安全限界超過")) -> OK | M13: 0.955168 | N13: =IF(C13=0,99,IF(AND(01_因子設定!$B$24="変更困難因子でグループ化",01_因子設定!$B$25>0),VLOOKUP(ROUND(INDEX(D13:G13,01_因子設定!$B$25),6),$AA$5:$AB$9,2,FALSE())+M13*0.9,M13)) -> 0.955168 | O13: =IF(C13=1,SUMPRODUCT(($C$5:$C$38=1)*($N$5:$N$38<N13))+1,"") -> 29 | P13: =IF(C13=1,INDEX(03_実験結果!$I$5:$I$38,O13),0) -> 37.4 | R13: -1 | S13: -1 | T13: -1 | U13: 1 | V13: -1 | W13: 0 | X13: 0 | Y13: -1
A14: 10 | B14: =IF(A14>01_因子設定!$B$23,"未使用",IF(A14>01_因子設定!$B$26,"中心点",IF(01_因子設定!$B$20="Box-Behnken","BBD点",IF(A14<=16,"要因点","軸点")))) -> 要因点 | C14: =IF(A14<=01_因子設定!$B$23,1,0) -> 1 | D14: =IF($C14=0,0,IF(01_因子設定!$B$20="Box-Behnken",V14,R14*IF($A14>16,01_因子設定!$B$22,1))) -> 1 | E14: =IF($C14=0,0,IF(01_因子設定!$B$20="Box-Behnken",W14,S14*IF($A14>16,01_因子設定!$B$22,1))) -> -1 | F14: =IF($C14=0,0,IF(01_因子設定!$B$20="Box-Behnken",X14,T14*IF($A14>16,01_因子設定!$B$22,1))) -> -1 | G14: =IF($C14=0,0,IF(01_因子設定!$B$20="Box-Behnken",Y14,U14*IF($A14>16,01_因子設定!$B$22,1))) -> 1 | H14: =IF($C14=1,01_因子設定!$G$5+D14*01_因子設定!$H$5,"") -> 75 | I14: =IF($C14=1,01_因子設定!$G$6+E14*01_因子設定!$H$6,"") -> 20 | J14: =IF($C14=1,01_因子設定!$G$7+F14*01_因子設定!$H$7,"") -> 1 | K14: =IF($C14=1,01_因子設定!$G$8+G14*01_因子設定!$H$8,"") -> 60 | L14: =IF(C14=0,"",IF(AND(OR(01_因子設定!$I$5="",H14>=01_因子設定!$I$5),OR(01_因子設定!$J$5="",H14<=01_因子設定!$J$5),OR(01_因子設定!$I$6="",I14>=01_因子設定!$I$6),OR(01_因子設定!$J$6="",I14<=01_因子設定!$J$6),OR(01_因子設定!$I$7="",J14>=01_因子設定!$I$7),OR(01_因子設定!$J$7="",J14<=01_因子設定!$J$7),OR(01_因子設定!$I$8="",K14>=01_因子設定!$I$8),OR(01_因子設定!$J$8="",K14<=01_因子設定!$J$8)),"OK","安全限界超過")) -> OK | M14: 0.232974 | N14: =IF(C14=0,99,IF(AND(01_因子設定!$B$24="変更困難因子でグループ化",01_因子設定!$B$25>0),VLOOKUP(ROUND(INDEX(D14:G14,01_因子設定!$B$25),6),$AA$5:$AB$9,2,FALSE())+M14*0.9,M14)) -> 0.232974 | O14: =IF(C14=1,SUMPRODUCT(($C$5:$C$38=1)*($N$5:$N$38<N14))+1,"") -> 12 | P14: =IF(C14=1,INDEX(03_実験結果!$I$5:$I$38,O14),0) -> 40.7 | R14: 1 | S14: -1 | T14: -1 | U14: 1 | V14: 1 | W14: 0 | X14: 0 | Y14: -1
A15: 11 | B15: =IF(A15>01_因子設定!$B$23,"未使用",IF(A15>01_因子設定!$B$26,"中心点",IF(01_因子設定!$B$20="Box-Behnken","BBD点",IF(A15<=16,"要因点","軸点")))) -> 要因点 | C15: =IF(A15<=01_因子設定!$B$23,1,0) -> 1 | D15: =IF($C15=0,0,IF(01_因子設定!$B$20="Box-Behnken",V15,R15*IF($A15>16,01_因子設定!$B$22,1))) -> -1 | E15: =IF($C15=0,0,IF(01_因子設定!$B$20="Box-Behnken",W15,S15*IF($A15>16,01_因子設定!$B$22,1))) -> 1 | F15: =IF($C15=0,0,IF(01_因子設定!$B$20="Box-Behnken",X15,T15*IF($A15>16,01_因子設定!$B$22,1))) -> -1 | G15: =IF($C15=0,0,IF(01_因子設定!$B$20="Box-Behnken",Y15,U15*IF($A15>16,01_因子設定!$B$22,1))) -> 1 | H15: =IF($C15=1,01_因子設定!$G$5+D15*01_因子設定!$H$5,"") -> 55 | I15: =IF($C15=1,01_因子設定!$G$6+E15*01_因子設定!$H$6,"") -> 40 | J15: =IF($C15=1,01_因子設定!$G$7+F15*01_因子設定!$H$7,"") -> 1 | K15: =IF($C15=1,01_因子設定!$G$8+G15*01_因子設定!$H$8,"") -> 60 | L15: =IF(C15=0,"",IF(AND(OR(01_因子設定!$I$5="",H15>=01_因子設定!$I$5),OR(01_因子設定!$J$5="",H15<=01_因子設定!$J$5),OR(01_因子設定!$I$6="",I15>=01_因子設定!$I$6),OR(01_因子設定!$J$6="",I15<=01_因子設定!$J$6),OR(01_因子設定!$I$7="",J15>=01_因子設定!$I$7),OR(01_因子設定!$J$7="",J15<=01_因子設定!$J$7),OR(01_因子設定!$I$8="",K15>=01_因子設定!$I$8),OR(01_因子設定!$J$8="",K15<=01_因子設定!$J$8)),"OK","安全限界超過")) -> OK | M15: 0.337461 | N15: =IF(C15=0,99,IF(AND(01_因子設定!$B$24="変更困難因子でグループ化",01_因子設定!$B$25>0),VLOOKUP(ROUND(INDEX(D15:G15,01_因子設定!$B$25),6),$AA$5:$AB$9,2,FALSE())+M15*0.9,M15)) -> 0.337461 | O15: =IF(C15=1,SUMPRODUCT(($C$5:$C$38=1)*($N$5:$N$38<N15))+1,"") -> 16 | P15: =IF(C15=1,INDEX(03_実験結果!$I$5:$I$38,O15),0) -> 38.1 | R15: -1 | S15: 1 | T15: -1 | U15: 1 | V15: -1 | W15: 0 | X15: 0 | Y15: 1
A16: 12 | B16: =IF(A16>01_因子設定!$B$23,"未使用",IF(A16>01_因子設定!$B$26,"中心点",IF(01_因子設定!$B$20="Box-Behnken","BBD点",IF(A16<=16,"要因点","軸点")))) -> 要因点 | C16: =IF(A16<=01_因子設定!$B$23,1,0) -> 1 | D16: =IF($C16=0,0,IF(01_因子設定!$B$20="Box-Behnken",V16,R16*IF($A16>16,01_因子設定!$B$22,1))) -> 1 | E16: =IF($C16=0,0,IF(01_因子設定!$B$20="Box-Behnken",W16,S16*IF($A16>16,01_因子設定!$B$22,1))) -> 1 | F16: =IF($C16=0,0,IF(01_因子設定!$B$20="Box-Behnken",X16,T16*IF($A16>16,01_因子設定!$B$22,1))) -> -1 | G16: =IF($C16=0,0,IF(01_因子設定!$B$20="Box-Behnken",Y16,U16*IF($A16>16,01_因子設定!$B$22,1))) -> 1 | H16: =IF($C16=1,01_因子設定!$G$5+D16*01_因子設定!$H$5,"") -> 75 | I16: =IF($C16=1,01_因子設定!$G$6+E16*01_因子設定!$H$6,"") -> 40 | J16: =IF($C16=1,01_因子設定!$G$7+F16*01_因子設定!$H$7,"") -> 1 | K16: =IF($C16=1,01_因子設定!$G$8+G16*01_因子設定!$H$8,"") -> 60 | L16: =IF(C16=0,"",IF(AND(OR(01_因子設定!$I$5="",H16>=01_因子設定!$I$5),OR(01_因子設定!$J$5="",H16<=01_因子設定!$J$5),OR(01_因子設定!$I$6="",I16>=01_因子設定!$I$6),OR(01_因子設定!$J$6="",I16<=01_因子設定!$J$6),OR(01_因子設定!$I$7="",J16>=01_因子設定!$I$7),OR(01_因子設定!$J$7="",J16<=01_因子設定!$J$7),OR(01_因子設定!$I$8="",K16>=01_因子設定!$I$8),OR(01_因子設定!$J$8="",K16<=01_因子設定!$J$8)),"OK","安全限界超過")) -> OK | M16: 0.262412 | N16: =IF(C16=0,99,IF(AND(01_因子設定!$B$24="変更困難因子でグループ化",01_因子設定!$B$25>0),VLOOKUP(ROUND(INDEX(D16:G16,01_因子設定!$B$25),6),$AA$5:$AB$9,2,FALSE())+M16*0.9,M16)) -> 0.262412 | O16: =IF(C16=1,SUMPRODUCT(($C$5:$C$38=1)*($N$5:$N$38<N16))+1,"") -> 14 | P16: =IF(C16=1,INDEX(03_実験結果!$I$5:$I$38,O16),0) -> 46.4 | R16: 1 | S16: 1 | T16: -1 | U16: 1 | V16: 1 | W16: 0 | X16: 0 | Y16: 1
A17: 13 | B17: =IF(A17>01_因子設定!$B$23,"未使用",IF(A17>01_因子設定!$B$26,"中心点",IF(01_因子設定!$B$20="Box-Behnken","BBD点",IF(A17<=16,"要因点","軸点")))) -> 要因点 | C17: =IF(A17<=01_因子設定!$B$23,1,0) -> 1 | D17: =IF($C17=0,0,IF(01_因子設定!$B$20="Box-Behnken",V17,R17*IF($A17>16,01_因子設定!$B$22,1))) -> -1 | E17: =IF($C17=0,0,IF(01_因子設定!$B$20="Box-Behnken",W17,S17*IF($A17>16,01_因子設定!$B$22,1))) -> -1 | F17: =IF($C17=0,0,IF(01_因子設定!$B$20="Box-Behnken",X17,T17*IF($A17>16,01_因子設定!$B$22,1))) -> 1 | G17: =IF($C17=0,0,IF(01_因子設定!$B$20="Box-Behnken",Y17,U17*IF($A17>16,01_因子設定!$B$22,1))) -> 1 | H17: =IF($C17=1,01_因子設定!$G$5+D17*01_因子設定!$H$5,"") -> 55 | I17: =IF($C17=1,01_因子設定!$G$6+E17*01_因子設定!$H$6,"") -> 20 | J17: =IF($C17=1,01_因子設定!$G$7+F17*01_因子設定!$H$7,"") -> 3 | K17: =IF($C17=1,01_因子設定!$G$8+G17*01_因子設定!$H$8,"") -> 60 | L17: =IF(C17=0,"",IF(AND(OR(01_因子設定!$I$5="",H17>=01_因子設定!$I$5),OR(01_因子設定!$J$5="",H17<=01_因子設定!$J$5),OR(01_因子設定!$I$6="",I17>=01_因子設定!$I$6),OR(01_因子設定!$J$6="",I17<=01_因子設定!$J$6),OR(01_因子設定!$I$7="",J17>=01_因子設定!$I$7),OR(01_因子設定!$J$7="",J17<=01_因子設定!$J$7),OR(01_因子設定!$I$8="",K17>=01_因子設定!$I$8),OR(01_因子設定!$J$8="",K17<=01_因子設定!$J$8)),"OK","安全限界超過")) -> OK | M17: 0.180005 | N17: =IF(C17=0,99,IF(AND(01_因子設定!$B$24="変更困難因子でグループ化",01_因子設定!$B$25>0),VLOOKUP(ROUND(INDEX(D17:G17,01_因子設定!$B$25),6),$AA$5:$AB$9,2,FALSE())+M17*0.9,M17)) -> 0.180005 | O17: =IF(C17=1,SUMPRODUCT(($C$5:$C$38=1)*($N$5:$N$38<N17))+1,"") -> 9 | P17: =IF(C17=1,INDEX(03_実験結果!$I$5:$I$38,O17),0) -> 40.7 | R17: -1 | S17: -1 | T17: 1 | U17: 1 | V17: 0 | W17: -1 | X17: -1 | Y17: 0
A18: 14 | B18: =IF(A18>01_因子設定!$B$23,"未使用",IF(A18>01_因子設定!$B$26,"中心点",IF(01_因子設定!$B$20="Box-Behnken","BBD点",IF(A18<=16,"要因点","軸点")))) -> 要因点 | C18: =IF(A18<=01_因子設定!$B$23,1,0) -> 1 | D18: =IF($C18=0,0,IF(01_因子設定!$B$20="Box-Behnken",V18,R18*IF($A18>16,01_因子設定!$B$22,1))) -> 1 | E18: =IF($C18=0,0,IF(01_因子設定!$B$20="Box-Behnken",W18,S18*IF($A18>16,01_因子設定!$B$22,1))) -> -1 | F18: =IF($C18=0,0,IF(01_因子設定!$B$20="Box-Behnken",X18,T18*IF($A18>16,01_因子設定!$B$22,1))) -> 1 | G18: =IF($C18=0,0,IF(01_因子設定!$B$20="Box-Behnken",Y18,U18*IF($A18>16,01_因子設定!$B$22,1))) -> 1 | H18: =IF($C18=1,01_因子設定!$G$5+D18*01_因子設定!$H$5,"") -> 75 | I18: =IF($C18=1,01_因子設定!$G$6+E18*01_因子設定!$H$6,"") -> 20 | J18: =IF($C18=1,01_因子設定!$G$7+F18*01_因子設定!$H$7,"") -> 3 | K18: =IF($C18=1,01_因子設定!$G$8+G18*01_因子設定!$H$8,"") -> 60 | L18: =IF(C18=0,"",IF(AND(OR(01_因子設定!$I$5="",H18>=01_因子設定!$I$5),OR(01_因子設定!$J$5="",H18<=01_因子設定!$J$5),OR(01_因子設定!$I$6="",I18>=01_因子設定!$I$6),OR(01_因子設定!$J$6="",I18<=01_因子設定!$J$6),OR(01_因子設定!$I$7="",J18>=01_因子設定!$I$7),OR(01_因子設定!$J$7="",J18<=01_因子設定!$J$7),OR(01_因子設定!$I$8="",K18>=01_因子設定!$I$8),OR(01_因子設定!$J$8="",K18<=01_因子設定!$J$8)),"OK","安全限界超過")) -> OK | M18: 0.24259 | N18: =IF(C18=0,99,IF(AND(01_因子設定!$B$24="変更困難因子でグループ化",01_因子設定!$B$25>0),VLOOKUP(ROUND(INDEX(D18:G18,01_因子設定!$B$25),6),$AA$5:$AB$9,2,FALSE())+M18*0.9,M18)) -> 0.24259 | O18: =IF(C18=1,SUMPRODUCT(($C$5:$C$38=1)*($N$5:$N$38<N18))+1,"") -> 13 | P18: =IF(C18=1,INDEX(03_実験結果!$I$5:$I$38,O18),0) -> 41.3 | R18: 1 | S18: -1 | T18: 1 | U18: 1 | V18: 0 | W18: 1 | X18: -1 | Y18: 0
A19: 15 | B19: =IF(A19>01_因子設定!$B$23,"未使用",IF(A19>01_因子設定!$B$26,"中心点",IF(01_因子設定!$B$20="Box-Behnken","BBD点",IF(A19<=16,"要因点","軸点")))) -> 要因点 | C19: =IF(A19<=01_因子設定!$B$23,1,0) -> 1 | D19: =IF($C19=0,0,IF(01_因子設定!$B$20="Box-Behnken",V19,R19*IF($A19>16,01_因子設定!$B$22,1))) -> -1 | E19: =IF($C19=0,0,IF(01_因子設定!$B$20="Box-Behnken",W19,S19*IF($A19>16,01_因子設定!$B$22,1))) -> 1 | F19: =IF($C19=0,0,IF(01_因子設定!$B$20="Box-Behnken",X19,T19*IF($A19>16,01_因子設定!$B$22,1))) -> 1 | G19: =IF($C19=0,0,IF(01_因子設定!$B$20="Box-Behnken",Y19,U19*IF($A19>16,01_因子設定!$B$22,1))) -> 1 | H19: =IF($C19=1,01_因子設定!$G$5+D19*01_因子設定!$H$5,"") -> 55 | I19: =IF($C19=1,01_因子設定!$G$6+E19*01_因子設定!$H$6,"") -> 40 | J19: =IF($C19=1,01_因子設定!$G$7+F19*01_因子設定!$H$7,"") -> 3 | K19: =IF($C19=1,01_因子設定!$G$8+G19*01_因子設定!$H$8,"") -> 60 | L19: =IF(C19=0,"",IF(AND(OR(01_因子設定!$I$5="",H19>=01_因子設定!$I$5),OR(01_因子設定!$J$5="",H19<=01_因子設定!$J$5),OR(01_因子設定!$I$6="",I19>=01_因子設定!$I$6),OR(01_因子設定!$J$6="",I19<=01_因子設定!$J$6),OR(01_因子設定!$I$7="",J19>=01_因子設定!$I$7),OR(01_因子設定!$J$7="",J19<=01_因子設定!$J$7),OR(01_因子設定!$I$8="",K19>=01_因子設定!$I$8),OR(01_因子設定!$J$8="",K19<=01_因子設定!$J$8)),"OK","安全限界超過")) -> OK | M19: 0.854317 | N19: =IF(C19=0,99,IF(AND(01_因子設定!$B$24="変更困難因子でグループ化",01_因子設定!$B$25>0),VLOOKUP(ROUND(INDEX(D19:G19,01_因子設定!$B$25),6),$AA$5:$AB$9,2,FALSE())+M19*0.9,M19)) -> 0.854317 | O19: =IF(C19=1,SUMPRODUCT(($C$5:$C$38=1)*($N$5:$N$38<N19))+1,"") -> 26 | P19: =IF(C19=1,INDEX(03_実験結果!$I$5:$I$38,O19),0) -> 43.1 | R19: -1 | S19: 1 | T19: 1 | U19: 1 | V19: 0 | W19: -1 | X19: 1 | Y19: 0
A20: 16 | B20: =IF(A20>01_因子設定!$B$23,"未使用",IF(A20>01_因子設定!$B$26,"中心点",IF(01_因子設定!$B$20="Box-Behnken","BBD点",IF(A20<=16,"要因点","軸点")))) -> 要因点 | C20: =IF(A20<=01_因子設定!$B$23,1,0) -> 1 | D20: =IF($C20=0,0,IF(01_因子設定!$B$20="Box-Behnken",V20,R20*IF($A20>16,01_因子設定!$B$22,1))) -> 1 | E20: =IF($C20=0,0,IF(01_因子設定!$B$20="Box-Behnken",W20,S20*IF($A20>16,01_因子設定!$B$22,1))) -> 1 | F20: =IF($C20=0,0,IF(01_因子設定!$B$20="Box-Behnken",X20,T20*IF($A20>16,01_因子設定!$B$22,1))) -> 1 | G20: =IF($C20=0,0,IF(01_因子設定!$B$20="Box-Behnken",Y20,U20*IF($A20>16,01_因子設定!$B$22,1))) -> 1 | H20: =IF($C20=1,01_因子設定!$G$5+D20*01_因子設定!$H$5,"") -> 75 | I20: =IF($C20=1,01_因子設定!$G$6+E20*01_因子設定!$H$6,"") -> 40 | J20: =IF($C20=1,01_因子設定!$G$7+F20*01_因子設定!$H$7,"") -> 3 | K20: =IF($C20=1,01_因子設定!$G$8+G20*01_因子設定!$H$8,"") -> 60 | L20: =IF(C20=0,"",IF(AND(OR(01_因子設定!$I$5="",H20>=01_因子設定!$I$5),OR(01_因子設定!$J$5="",H20<=01_因子設定!$J$5),OR(01_因子設定!$I$6="",I20>=01_因子設定!$I$6),OR(01_因子設定!$J$6="",I20<=01_因子設定!$J$6),OR(01_因子設定!$I$7="",J20>=01_因子設定!$I$7),OR(01_因子設定!$J$7="",J20<=01_因子設定!$J$7),OR(01_因子設定!$I$8="",K20>=01_因子設定!$I$8),OR(01_因子設定!$J$8="",K20<=01_因子設定!$J$8)),"OK","安全限界超過")) -> OK | M20: 0.962463 | N20: =IF(C20=0,99,IF(AND(01_因子設定!$B$24="変更困難因子でグループ化",01_因子設定!$B$25>0),VLOOKUP(ROUND(INDEX(D20:G20,01_因子設定!$B$25),6),$AA$5:$AB$9,2,FALSE())+M20*0.9,M20)) -> 0.962463 | O20: =IF(C20=1,SUMPRODUCT(($C$5:$C$38=1)*($N$5:$N$38<N20))+1,"") -> 30 | P20: =IF(C20=1,INDEX(03_実験結果!$I$5:$I$38,O20),0) -> 47.9 | R20: 1 | S20: 1 | T20: 1 | U20: 1 | V20: 0 | W20: 1 | X20: 1 | Y20: 0
A21: 17 | B21: =IF(A21>01_因子設定!$B$23,"未使用",IF(A21>01_因子設定!$B$26,"中心点",IF(01_因子設定!$B$20="Box-Behnken","BBD点",IF(A21<=16,"要因点","軸点")))) -> 軸点 | C21: =IF(A21<=01_因子設定!$B$23,1,0) -> 1 | D21: =IF($C21=0,0,IF(01_因子設定!$B$20="Box-Behnken",V21,R21*IF($A21>16,01_因子設定!$B$22,1))) -> -1 | E21: =IF($C21=0,0,IF(01_因子設定!$B$20="Box-Behnken",W21,S21*IF($A21>16,01_因子設定!$B$22,1))) -> 0 | F21: =IF($C21=0,0,IF(01_因子設定!$B$20="Box-Behnken",X21,T21*IF($A21>16,01_因子設定!$B$22,1))) -> 0 | G21: =IF($C21=0,0,IF(01_因子設定!$B$20="Box-Behnken",Y21,U21*IF($A21>16,01_因子設定!$B$22,1))) -> 0 | H21: =IF($C21=1,01_因子設定!$G$5+D21*01_因子設定!$H$5,"") -> 55 | I21: =IF($C21=1,01_因子設定!$G$6+E21*01_因子設定!$H$6,"") -> 30 | J21: =IF($C21=1,01_因子設定!$G$7+F21*01_因子設定!$H$7,"") -> 2 | K21: =IF($C21=1,01_因子設定!$G$8+G21*01_因子設定!$H$8,"") -> 40 | L21: =IF(C21=0,"",IF(AND(OR(01_因子設定!$I$5="",H21>=01_因子設定!$I$5),OR(01_因子設定!$J$5="",H21<=01_因子設定!$J$5),OR(01_因子設定!$I$6="",I21>=01_因子設定!$I$6),OR(01_因子設定!$J$6="",I21<=01_因子設定!$J$6),OR(01_因子設定!$I$7="",J21>=01_因子設定!$I$7),OR(01_因子設定!$J$7="",J21<=01_因子設定!$J$7),OR(01_因子設定!$I$8="",K21>=01_因子設定!$I$8),OR(01_因子設定!$J$8="",K21<=01_因子設定!$J$8)),"OK","安全限界超過")) -> OK | M21: 0.182583 | N21: =IF(C21=0,99,IF(AND(01_因子設定!$B$24="変更困難因子でグループ化",01_因子設定!$B$25>0),VLOOKUP(ROUND(INDEX(D21:G21,01_因子設定!$B$25),6),$AA$5:$AB$9,2,FALSE())+M21*0.9,M21)) -> 0.182583 | O21: =IF(C21=1,SUMPRODUCT(($C$5:$C$38=1)*($N$5:$N$38<N21))+1,"") -> 10 | P21: =IF(C21=1,INDEX(03_実験結果!$I$5:$I$38,O21),0) -> 43.6 | R21: -1 | S21: 0 | T21: 0 | U21: 0 | V21: 0 | W21: -1 | X21: 0 | Y21: -1
A22: 18 | B22: =IF(A22>01_因子設定!$B$23,"未使用",IF(A22>01_因子設定!$B$26,"中心点",IF(01_因子設定!$B$20="Box-Behnken","BBD点",IF(A22<=16,"要因点","軸点")))) -> 軸点 | C22: =IF(A22<=01_因子設定!$B$23,1,0) -> 1 | D22: =IF($C22=0,0,IF(01_因子設定!$B$20="Box-Behnken",V22,R22*IF($A22>16,01_因子設定!$B$22,1))) -> 1 | E22: =IF($C22=0,0,IF(01_因子設定!$B$20="Box-Behnken",W22,S22*IF($A22>16,01_因子設定!$B$22,1))) -> 0 | F22: =IF($C22=0,0,IF(01_因子設定!$B$20="Box-Behnken",X22,T22*IF($A22>16,01_因子設定!$B$22,1))) -> 0 | G22: =IF($C22=0,0,IF(01_因子設定!$B$20="Box-Behnken",Y22,U22*IF($A22>16,01_因子設定!$B$22,1))) -> 0 | H22: =IF($C22=1,01_因子設定!$G$5+D22*01_因子設定!$H$5,"") -> 75 | I22: =IF($C22=1,01_因子設定!$G$6+E22*01_因子設定!$H$6,"") -> 30 | J22: =IF($C22=1,01_因子設定!$G$7+F22*01_因子設定!$H$7,"") -> 2 | K22: =IF($C22=1,01_因子設定!$G$8+G22*01_因子設定!$H$8,"") -> 40 | L22: =IF(C22=0,"",IF(AND(OR(01_因子設定!$I$5="",H22>=01_因子設定!$I$5),OR(01_因子設定!$J$5="",H22<=01_因子設定!$J$5),OR(01_因子設定!$I$6="",I22>=01_因子設定!$I$6),OR(01_因子設定!$J$6="",I22<=01_因子設定!$J$6),OR(01_因子設定!$I$7="",J22>=01_因子設定!$I$7),OR(01_因子設定!$J$7="",J22<=01_因子設定!$J$7),OR(01_因子設定!$I$8="",K22>=01_因子設定!$I$8),OR(01_因子設定!$J$8="",K22<=01_因子設定!$J$8)),"OK","安全限界超過")) -> OK | M22: 0.18503 | N22: =IF(C22=0,99,IF(AND(01_因子設定!$B$24="変更困難因子でグループ化",01_因子設定!$B$25>0),VLOOKUP(ROUND(INDEX(D22:G22,01_因子設定!$B$25),6),$AA$5:$AB$9,2,FALSE())+M22*0.9,M22)) -> 0.18503 | O22: =IF(C22=1,SUMPRODUCT(($C$5:$C$38=1)*($N$5:$N$38<N22))+1,"") -> 11 | P22: =IF(C22=1,INDEX(03_実験結果!$I$5:$I$38,O22),0) -> 47.7 | R22: 1 | S22: 0 | T22: 0 | U22: 0 | V22: 0 | W22: 1 | X22: 0 | Y22: -1
A23: 19 | B23: =IF(A23>01_因子設定!$B$23,"未使用",IF(A23>01_因子設定!$B$26,"中心点",IF(01_因子設定!$B$20="Box-Behnken","BBD点",IF(A23<=16,"要因点","軸点")))) -> 軸点 | C23: =IF(A23<=01_因子設定!$B$23,1,0) -> 1 | D23: =IF($C23=0,0,IF(01_因子設定!$B$20="Box-Behnken",V23,R23*IF($A23>16,01_因子設定!$B$22,1))) -> 0 | E23: =IF($C23=0,0,IF(01_因子設定!$B$20="Box-Behnken",W23,S23*IF($A23>16,01_因子設定!$B$22,1))) -> -1 | F23: =IF($C23=0,0,IF(01_因子設定!$B$20="Box-Behnken",X23,T23*IF($A23>16,01_因子設定!$B$22,1))) -> 0 | G23: =IF($C23=0,0,IF(01_因子設定!$B$20="Box-Behnken",Y23,U23*IF($A23>16,01_因子設定!$B$22,1))) -> 0 | H23: =IF($C23=1,01_因子設定!$G$5+D23*01_因子設定!$H$5,"") -> 65 | I23: =IF($C23=1,01_因子設定!$G$6+E23*01_因子設定!$H$6,"") -> 20 | J23: =IF($C23=1,01_因子設定!$G$7+F23*01_因子設定!$H$7,"") -> 2 | K23: =IF($C23=1,01_因子設定!$G$8+G23*01_因子設定!$H$8,"") -> 40 | L23: =IF(C23=0,"",IF(AND(OR(01_因子設定!$I$5="",H23>=01_因子設定!$I$5),OR(01_因子設定!$J$5="",H23<=01_因子設定!$J$5),OR(01_因子設定!$I$6="",I23>=01_因子設定!$I$6),OR(01_因子設定!$J$6="",I23<=01_因子設定!$J$6),OR(01_因子設定!$I$7="",J23>=01_因子設定!$I$7),OR(01_因子設定!$J$7="",J23<=01_因子設定!$J$7),OR(01_因子設定!$I$8="",K23>=01_因子設定!$I$8),OR(01_因子設定!$J$8="",K23<=01_因子設定!$J$8)),"OK","安全限界超過")) -> OK | M23: 0.492097 | N23: =IF(C23=0,99,IF(AND(01_因子設定!$B$24="変更困難因子でグループ化",01_因子設定!$B$25>0),VLOOKUP(ROUND(INDEX(D23:G23,01_因子設定!$B$25),6),$AA$5:$AB$9,2,FALSE())+M23*0.9,M23)) -> 0.492097 | O23: =IF(C23=1,SUMPRODUCT(($C$5:$C$38=1)*($N$5:$N$38<N23))+1,"") -> 19 | P23: =IF(C23=1,INDEX(03_実験結果!$I$5:$I$38,O23),0) -> 43.9 | R23: 0 | S23: -1 | T23: 0 | U23: 0 | V23: 0 | W23: -1 | X23: 0 | Y23: 1
... A38: 34 | B38: =IF(A38>01_因子設定!$B$23,"未使用",IF(A38>01_因子設定!$B$26,"中心点",IF(01_因子設定!$B$20="Box-Behnken","BBD点",IF(A38<=16,"要因点","軸点")))) -> 未使用 | C38: =IF(A38<=01_因子設定!$B$23,1,0) -> 0 | D38: =IF($C38=0,0,IF(01_因子設定!$B$20="Box-Behnken",V38,R38*IF($A38>16,01_因子設定!$B$22,1))) -> 0 | E38: =IF($C38=0,0,IF(01_因子設定!$B$20="Box-Behnken",W38,S38*IF($A38>16,01_因子設定!$B$22,1))) -> 0 | F38: =IF($C38=0,0,IF(01_因子設定!$B$20="Box-Behnken",X38,T38*IF($A38>16,01_因子設定!$B$22,1))) -> 0 | G38: =IF($C38=0,0,IF(01_因子設定!$B$20="Box-Behnken",Y38,U38*IF($A38>16,01_因子設定!$B$22,1))) -> 0 | H38: =IF($C38=1,01_因子設定!$G$5+D38*01_因子設定!$H$5,"") | I38: =IF($C38=1,01_因子設定!$G$6+E38*01_因子設定!$H$6,"") | J38: =IF($C38=1,01_因子設定!$G$7+F38*01_因子設定!$H$7,"") | K38: =IF($C38=1,01_因子設定!$G$8+G38*01_因子設定!$H$8,"") | L38: =IF(C38=0,"",IF(AND(OR(01_因子設定!$I$5="",H38>=01_因子設定!$I$5),OR(01_因子設定!$J$5="",H38<=01_因子設定!$J$5),OR(01_因子設定!$I$6="",I38>=01_因子設定!$I$6),OR(01_因子設定!$J$6="",I38<=01_因子設定!$J$6),OR(01_因子設定!$I$7="",J38>=01_因子設定!$I$7),OR(01_因子設定!$J$7="",J38<=01_因子設定!$J$7),OR(01_因子設定!$I$8="",K38>=01_因子設定!$I$8),OR(01_因子設定!$J$8="",K38<=01_因子設定!$J$8)),"OK","安全限界超過")) | M38: 0.908461 | N38: =IF(C38=0,99,IF(AND(01_因子設定!$B$24="変更困難因子でグループ化",01_因子設定!$B$25>0),VLOOKUP(ROUND(INDEX(D38:G38,01_因子設定!$B$25),6),$AA$5:$AB$9,2,FALSE())+M38*0.9,M38)) -> 99 | O38: =IF(C38=1,SUMPRODUCT(($C$5:$C$38=1)*($N$5:$N$38<N38))+1,"") | P38: =IF(C38=1,INDEX(03_実験結果!$I$5:$I$38,O38),0) -> 0 | R38: 0 | S38: 0 | T38: 0 | U38: 0 | V38: 0 | W38: 0 | X38: 0 | Y38: 0
R40: 右側のパターン列：CCD／BBDの基本パターン（編集不要）

Sheet 03_実験結果
A1: 03 実験指示書・結果入力（実験順）
A2: この順番で実験し、Yを入力。現在のYは検証用の架空データ。計画を変えたら入れ直してください。
A4: 実験順序 | B4: 標準順 | C4: 区分 | D4: =01_因子設定!B5&"["&01_因子設定!D5&"]" -> 炉温[℃] | E4: =01_因子設定!B6&"["&01_因子設定!D6&"]" -> 乾燥時間[min] | F4: =01_因子設定!B7&"["&01_因子設定!D7&"]" -> 循環風速[m/s] | G4: =01_因子設定!B8&"["&01_因子設定!D8&"]" -> 給気率[%] | H4: 変更困難因子の水準 | I4: ="Y："&01_因子設定!B11&"["&01_因子設定!B12&"]" -> Y：剥離強度[N/25mm] | J4: メモ（異常・気付き）
A5: 1 | B5: =IF(A5<=01_因子設定!$B$23,INDEX(02_実験計画!$A$5:$A$38,MATCH(A5,02_実験計画!$O$5:$O$38,0)),"") -> 30 | C5: =IF(B5="","",INDEX(02_実験計画!$B$5:$B$38,B5)) -> 中心点 | D5: =IF($B5="","",INDEX(02_実験計画!$H$5:$H$38,$B5)) -> 65 | E5: =IF($B5="","",INDEX(02_実験計画!$I$5:$I$38,$B5)) -> 30 | F5: =IF($B5="","",INDEX(02_実験計画!$J$5:$J$38,$B5)) -> 2 | G5: =IF($B5="","",INDEX(02_実験計画!$K$5:$K$38,$B5)) -> 40 | H5: =IF(OR(B5="",01_因子設定!$B$25=0),"",INDEX(D5:G5,01_因子設定!$B$25)) -> 65 | I5: 47.7
A6: 2 | B6: =IF(A6<=01_因子設定!$B$23,INDEX(02_実験計画!$A$5:$A$38,MATCH(A6,02_実験計画!$O$5:$O$38,0)),"") -> 27 | C6: =IF(B6="","",INDEX(02_実験計画!$B$5:$B$38,B6)) -> 中心点 | D6: =IF($B6="","",INDEX(02_実験計画!$H$5:$H$38,$B6)) -> 65 | E6: =IF($B6="","",INDEX(02_実験計画!$I$5:$I$38,$B6)) -> 30 | F6: =IF($B6="","",INDEX(02_実験計画!$J$5:$J$38,$B6)) -> 2 | G6: =IF($B6="","",INDEX(02_実験計画!$K$5:$K$38,$B6)) -> 40 | H6: =IF(OR(B6="",01_因子設定!$B$25=0),"",INDEX(D6:G6,01_因子設定!$B$25)) -> 65 | I6: 47.7
A7: 3 | B7: =IF(A7<=01_因子設定!$B$23,INDEX(02_実験計画!$A$5:$A$38,MATCH(A7,02_実験計画!$O$5:$O$38,0)),"") -> 2 | C7: =IF(B7="","",INDEX(02_実験計画!$B$5:$B$38,B7)) -> 要因点 | D7: =IF($B7="","",INDEX(02_実験計画!$H$5:$H$38,$B7)) -> 75 | E7: =IF($B7="","",INDEX(02_実験計画!$I$5:$I$38,$B7)) -> 20 | F7: =IF($B7="","",INDEX(02_実験計画!$J$5:$J$38,$B7)) -> 1 | G7: =IF($B7="","",INDEX(02_実験計画!$K$5:$K$38,$B7)) -> 20 | H7: =IF(OR(B7="",01_因子設定!$B$25=0),"",INDEX(D7:G7,01_因子設定!$B$25)) -> 75 | I7: 39.4
A8: 4 | B8: =IF(A8<=01_因子設定!$B$23,INDEX(02_実験計画!$A$5:$A$38,MATCH(A8,02_実験計画!$O$5:$O$38,0)),"") -> 6 | C8: =IF(B8="","",INDEX(02_実験計画!$B$5:$B$38,B8)) -> 要因点 | D8: =IF($B8="","",INDEX(02_実験計画!$H$5:$H$38,$B8)) -> 75 | E8: =IF($B8="","",INDEX(02_実験計画!$I$5:$I$38,$B8)) -> 20 | F8: =IF($B8="","",INDEX(02_実験計画!$J$5:$J$38,$B8)) -> 3 | G8: =IF($B8="","",INDEX(02_実験計画!$K$5:$K$38,$B8)) -> 20 | H8: =IF(OR(B8="",01_因子設定!$B$25=0),"",INDEX(D8:G8,01_因子設定!$B$25)) -> 75 | I8: 40.1
A9: 5 | B9: =IF(A9<=01_因子設定!$B$23,INDEX(02_実験計画!$A$5:$A$38,MATCH(A9,02_実験計画!$O$5:$O$38,0)),"") -> 1 | C9: =IF(B9="","",INDEX(02_実験計画!$B$5:$B$38,B9)) -> 要因点 | D9: =IF($B9="","",INDEX(02_実験計画!$H$5:$H$38,$B9)) -> 55 | E9: =IF($B9="","",INDEX(02_実験計画!$I$5:$I$38,$B9)) -> 20 | F9: =IF($B9="","",INDEX(02_実験計画!$J$5:$J$38,$B9)) -> 1 | G9: =IF($B9="","",INDEX(02_実験計画!$K$5:$K$38,$B9)) -> 20 | H9: =IF(OR(B9="",01_因子設定!$B$25=0),"",INDEX(D9:G9,01_因子設定!$B$25)) -> 55 | I9: 37.7
A10: 6 | B10: =IF(A10<=01_因子設定!$B$23,INDEX(02_実験計画!$A$5:$A$38,MATCH(A10,02_実験計画!$O$5:$O$38,0)),"") -> 5 | C10: =IF(B10="","",INDEX(02_実験計画!$B$5:$B$38,B10)) -> 要因点 | D10: =IF($B10="","",INDEX(02_実験計画!$H$5:$H$38,$B10)) -> 55 | E10: =IF($B10="","",INDEX(02_実験計画!$I$5:$I$38,$B10)) -> 20 | F10: =IF($B10="","",INDEX(02_実験計画!$J$5:$J$38,$B10)) -> 3 | G10: =IF($B10="","",INDEX(02_実験計画!$K$5:$K$38,$B10)) -> 20 | H10: =IF(OR(B10="",01_因子設定!$B$25=0),"",INDEX(D10:G10,01_因子設定!$B$25)) -> 55 | I10: 38.7
A11: 7 | B11: =IF(A11<=01_因子設定!$B$23,INDEX(02_実験計画!$A$5:$A$38,MATCH(A11,02_実験計画!$O$5:$O$38,0)),"") -> 23 | C11: =IF(B11="","",INDEX(02_実験計画!$B$5:$B$38,B11)) -> 軸点 | D11: =IF($B11="","",INDEX(02_実験計画!$H$5:$H$38,$B11)) -> 65 | E11: =IF($B11="","",INDEX(02_実験計画!$I$5:$I$38,$B11)) -> 30 | F11: =IF($B11="","",INDEX(02_実験計画!$J$5:$J$38,$B11)) -> 2 | G11: =IF($B11="","",INDEX(02_実験計画!$K$5:$K$38,$B11)) -> 20 | H11: =IF(OR(B11="",01_因子設定!$B$25=0),"",INDEX(D11:G11,01_因子設定!$B$25)) -> 65 | I11: 46.7
A12: 8 | B12: =IF(A12<=01_因子設定!$B$23,INDEX(02_実験計画!$A$5:$A$38,MATCH(A12,02_実験計画!$O$5:$O$38,0)),"") -> 22 | C12: =IF(B12="","",INDEX(02_実験計画!$B$5:$B$38,B12)) -> 軸点 | D12: =IF($B12="","",INDEX(02_実験計画!$H$5:$H$38,$B12)) -> 65 | E12: =IF($B12="","",INDEX(02_実験計画!$I$5:$I$38,$B12)) -> 30 | F12: =IF($B12="","",INDEX(02_実験計画!$J$5:$J$38,$B12)) -> 3 | G12: =IF($B12="","",INDEX(02_実験計画!$K$5:$K$38,$B12)) -> 40 | H12: =IF(OR(B12="",01_因子設定!$B$25=0),"",INDEX(D12:G12,01_因子設定!$B$25)) -> 65 | I12: 48.3
A13: 9 | B13: =IF(A13<=01_因子設定!$B$23,INDEX(02_実験計画!$A$5:$A$38,MATCH(A13,02_実験計画!$O$5:$O$38,0)),"") -> 13 | C13: =IF(B13="","",INDEX(02_実験計画!$B$5:$B$38,B13)) -> 要因点 | D13: =IF($B13="","",INDEX(02_実験計画!$H$5:$H$38,$B13)) -> 55 | E13: =IF($B13="","",INDEX(02_実験計画!$I$5:$I$38,$B13)) -> 20 | F13: =IF($B13="","",INDEX(02_実験計画!$J$5:$J$38,$B13)) -> 3 | G13: =IF($B13="","",INDEX(02_実験計画!$K$5:$K$38,$B13)) -> 60 | H13: =IF(OR(B13="",01_因子設定!$B$25=0),"",INDEX(D13:G13,01_因子設定!$B$25)) -> 55 | I13: 40.7
A14: 10 | B14: =IF(A14<=01_因子設定!$B$23,INDEX(02_実験計画!$A$5:$A$38,MATCH(A14,02_実験計画!$O$5:$O$38,0)),"") -> 17 | C14: =IF(B14="","",INDEX(02_実験計画!$B$5:$B$38,B14)) -> 軸点 | D14: =IF($B14="","",INDEX(02_実験計画!$H$5:$H$38,$B14)) -> 55 | E14: =IF($B14="","",INDEX(02_実験計画!$I$5:$I$38,$B14)) -> 30 | F14: =IF($B14="","",INDEX(02_実験計画!$J$5:$J$38,$B14)) -> 2 | G14: =IF($B14="","",INDEX(02_実験計画!$K$5:$K$38,$B14)) -> 40 | H14: =IF(OR(B14="",01_因子設定!$B$25=0),"",INDEX(D14:G14,01_因子設定!$B$25)) -> 55 | I14: 43.6
A15: 11 | B15: =IF(A15<=01_因子設定!$B$23,INDEX(02_実験計画!$A$5:$A$38,MATCH(A15,02_実験計画!$O$5:$O$38,0)),"") -> 18 | C15: =IF(B15="","",INDEX(02_実験計画!$B$5:$B$38,B15)) -> 軸点 | D15: =IF($B15="","",INDEX(02_実験計画!$H$5:$H$38,$B15)) -> 75 | E15: =IF($B15="","",INDEX(02_実験計画!$I$5:$I$38,$B15)) -> 30 | F15: =IF($B15="","",INDEX(02_実験計画!$J$5:$J$38,$B15)) -> 2 | G15: =IF($B15="","",INDEX(02_実験計画!$K$5:$K$38,$B15)) -> 40 | H15: =IF(OR(B15="",01_因子設定!$B$25=0),"",INDEX(D15:G15,01_因子設定!$B$25)) -> 75 | I15: 47.7
A16: 12 | B16: =IF(A16<=01_因子設定!$B$23,INDEX(02_実験計画!$A$5:$A$38,MATCH(A16,02_実験計画!$O$5:$O$38,0)),"") -> 10 | C16: =IF(B16="","",INDEX(02_実験計画!$B$5:$B$38,B16)) -> 要因点 | D16: =IF($B16="","",INDEX(02_実験計画!$H$5:$H$38,$B16)) -> 75 | E16: =IF($B16="","",INDEX(02_実験計画!$I$5:$I$38,$B16)) -> 20 | F16: =IF($B16="","",INDEX(02_実験計画!$J$5:$J$38,$B16)) -> 1 | G16: =IF($B16="","",INDEX(02_実験計画!$K$5:$K$38,$B16)) -> 60 | H16: =IF(OR(B16="",01_因子設定!$B$25=0),"",INDEX(D16:G16,01_因子設定!$B$25)) -> 75 | I16: 40.7
... A34: 30 | B34: =IF(A34<=01_因子設定!$B$23,INDEX(02_実験計画!$A$5:$A$38,MATCH(A34,02_実験計画!$O$5:$O$38,0)),"") -> 16 | C34: =IF(B34="","",INDEX(02_実験計画!$B$5:$B$38,B34)) -> 要因点 | D34: =IF($B34="","",INDEX(02_実験計画!$H$5:$H$38,$B34)) -> 75 | E34: =IF($B34="","",INDEX(02_実験計画!$I$5:$I$38,$B34)) -> 40 | F34: =IF($B34="","",INDEX(02_実験計画!$J$5:$J$38,$B34)) -> 3 | G34: =IF($B34="","",INDEX(02_実験計画!$K$5:$K$38,$B34)) -> 60 | H34: =IF(OR(B34="",01_因子設定!$B$25=0),"",INDEX(D34:G34,01_因子設定!$B$25)) -> 75 | I34: 47.9
A35: 31 | B35: =IF(A35<=01_因子設定!$B$23,INDEX(02_実験計画!$A$5:$A$38,MATCH(A35,02_実験計画!$O$5:$O$38,0)),"") | C35: =IF(B35="","",INDEX(02_実験計画!$B$5:$B$38,B35)) | D35: =IF($B35="","",INDEX(02_実験計画!$H$5:$H$38,$B35)) | E35: =IF($B35="","",INDEX(02_実験計画!$I$5:$I$38,$B35)) | F35: =IF($B35="","",INDEX(02_実験計画!$J$5:$J$38,$B35)) | G35: =IF($B35="","",INDEX(02_実験計画!$K$5:$K$38,$B35)) | H35: =IF(OR(B35="",01_因子設定!$B$25=0),"",INDEX(D35:G35,01_因子設定!$B$25))
A36: 32 | B36: =IF(A36<=01_因子設定!$B$23,INDEX(02_実験計画!$A$5:$A$38,MATCH(A36,02_実験計画!$O$5:$O$38,0)),"") | C36: =IF(B36="","",INDEX(02_実験計画!$B$5:$B$38,B36)) | D36: =IF($B36="","",INDEX(02_実験計画!$H$5:$H$38,$B36)) | E36: =IF($B36="","",INDEX(02_実験計画!$I$5:$I$38,$B36)) | F36: =IF($B36="","",INDEX(02_実験計画!$J$5:$J$38,$B36)) | G36: =IF($B36="","",INDEX(02_実験計画!$K$5:$K$38,$B36)) | H36: =IF(OR(B36="",01_因子設定!$B$25=0),"",INDEX(D36:G36,01_因子設定!$B$25))
A37: 33 | B37: =IF(A37<=01_因子設定!$B$23,INDEX(02_実験計画!$A$5:$A$38,MATCH(A37,02_実験計画!$O$5:$O$38,0)),"") | C37: =IF(B37="","",INDEX(02_実験計画!$B$5:$B$38,B37)) | D37: =IF($B37="","",INDEX(02_実験計画!$H$5:$H$38,$B37)) | E37: =IF($B37="","",INDEX(02_実験計画!$I$5:$I$38,$B37)) | F37: =IF($B37="","",INDEX(02_実験計画!$J$5:$J$38,$B37)) | G37: =IF($B37="","",INDEX(02_実験計画!$K$5:$K$38,$B37)) | H37: =IF(OR(B37="",01_因子設定!$B$25=0),"",INDEX(D37:G37,01_因子設定!$B$25))
A38: 34 | B38: =IF(A38<=01_因子設定!$B$23,INDEX(02_実験計画!$A$5:$A$38,MATCH(A38,02_実験計画!$O$5:$O$38,0)),"") | C38: =IF(B38="","",INDEX(02_実験計画!$B$5:$B$38,B38)) | D38: =IF($B38="","",INDEX(02_実験計画!$H$5:$H$38,$B38)) | E38: =IF($B38="","",INDEX(02_実験計画!$I$5:$I$38,$B38)) | F38: =IF($B38="","",INDEX(02_実験計画!$J$5:$J$38,$B38)) | G38: =IF($B38="","",INDEX(02_実験計画!$K$5:$K$38,$B38)) | H38: =IF(OR(B38="",01_因子設定!$B$25=0),"",INDEX(D38:G38,01_因子設定!$B$25))

Sheet 04_回帰ANOVA
A1: 04 2次回帰モデルとANOVA（コード化単位）
A2: B列を0にすると、その項を除外して再計算（モデル縮小）。切片は常に1。
A5: 項 | B5: 使用(1/0) | C5: 係数 | D5: 標準誤差 | E5: t値 | F5: p値 | G5: 有意 | H5: 階層性チェック | J5: 統計量 | K5: 値
A6: 切片 | B6: 1 | C6: =IF(B6=1,_XtX!R60,0) -> 47.907895 | D6: =IF(B6=1,SQRT($K$13*INDEX(_XtX!$B$78:$P$92,1,1)),"") -> 0.23096593 | E6: =IF(B6=1,C6/D6,"") -> 207.42408 | F6: =IF(B6=1,TDIST(ABS(E6),$K$8,2),"") -> 2.3625981e-27 | G6: =IF(F6="","",IF(F6<0.01,"**",IF(F6<0.05,"*",IF(F6<0.1,"△","")))) -> ** | J6: n（実験数） | K6: =SUM(_XtX!A5:A38) -> 30
A7: X1 | B7: 1 | C7: =IF(B7=1,_XtX!R61,0) -> 2.0055556 | D7: =IF(B7=1,SQRT($K$13*INDEX(_XtX!$B$78:$P$92,2,2)),"") -> 0.17525392 | E7: =IF(B7=1,C7/D7,"") -> 11.443713 | F7: =IF(B7=1,TDIST(ABS(E7),$K$8,2),"") -> 8.2468452e-09 | G7: =IF(F7="","",IF(F7<0.01,"**",IF(F7<0.05,"*",IF(F7<0.1,"△","")))) -> ** | J7: p（項数） | K7: =SUM($B$6:$B$20) -> 15
A8: X2 | B8: 1 | C8: =IF(B8=1,_XtX!R62,0) -> 2.0944444 | D8: =IF(B8=1,SQRT($K$13*INDEX(_XtX!$B$78:$P$92,3,3)),"") -> 0.17525392 | E8: =IF(B8=1,C8/D8,"") -> 11.950913 | F8: =IF(B8=1,TDIST(ABS(E8),$K$8,2),"") -> 4.5717192e-09 | G8: =IF(F8="","",IF(F8<0.01,"**",IF(F8<0.05,"*",IF(F8<0.1,"△","")))) -> ** | J8: 残差自由度 | K8: =K6-K7 -> 15
A9: X3 | B9: 1 | C9: =IF(B9=1,_XtX!R63,0) -> 0.98333333 | D9: =IF(B9=1,SQRT($K$13*INDEX(_XtX!$B$78:$P$92,4,4)),"") -> 0.17525392 | E9: =IF(B9=1,C9/D9,"") -> 5.6109062 | F9: =IF(B9=1,TDIST(ABS(E9),$K$8,2),"") -> 4.963678e-05 | G9: =IF(F9="","",IF(F9<0.01,"**",IF(F9<0.05,"*",IF(F9<0.1,"△","")))) -> ** | J9: SSE | K9: =SUMSQ(_XtX!U5:U38) -> 8.2927632
A10: X4 | B10: 1 | C10: =IF(B10=1,_XtX!R64,0) -> 0.40555556 | D10: =IF(B10=1,SQRT($K$13*INDEX(_XtX!$B$78:$P$92,5,5)),"") -> 0.17525392 | E10: =IF(B10=1,C10/D10,"") -> 2.3141026 | F10: =IF(B10=1,TDIST(ABS(E10),$K$8,2),"") -> 0.035249461 | G10: =IF(F10="","",IF(F10<0.01,"**",IF(F10<0.05,"*",IF(F10<0.1,"△","")))) -> * | J10: Yの平均 | K10: =SUMPRODUCT(_XtX!Q5:Q38,_XtX!A5:A38)/K6 -> 44.17
A11: X1·X2 | B11: 1 | C11: =IF(B11=1,_XtX!R65,0) -> 1.125 | D11: =IF(B11=1,SQRT($K$13*INDEX(_XtX!$B$78:$P$92,6,6)),"") -> 0.18588486 | E11: =IF(B11=1,C11/D11,"") -> 6.0521337 | F11: =IF(B11=1,TDIST(ABS(E11),$K$8,2),"") -> 2.21444e-05 | G11: =IF(F11="","",IF(F11<0.01,"**",IF(F11<0.05,"*",IF(F11<0.1,"△","")))) -> ** | H11: =IF(AND(B11=1,OR($B$7=0,$B$8=0)),"主効果が除外されています","") | J11: SST | K11: =SUMPRODUCT(_XtX!A5:A38,(_XtX!Q5:Q38-K10)^2) -> 440.603
A12: X1·X3 | B12: 1 | C12: =IF(B12=1,_XtX!R66,0) -> -0.65 | D12: =IF(B12=1,SQRT($K$13*INDEX(_XtX!$B$78:$P$92,7,7)),"") -> 0.18588486 | E12: =IF(B12=1,C12/D12,"") -> -3.4967883 | F12: =IF(B12=1,TDIST(ABS(E12),$K$8,2),"") -> 0.0032448451 | G12: =IF(F12="","",IF(F12<0.01,"**",IF(F12<0.05,"*",IF(F12<0.1,"△","")))) -> ** | H12: =IF(AND(B12=1,OR($B$7=0,$B$9=0)),"主効果が除外されています","") | J12: SSR | K12: =K11-K9 -> 432.31024
A13: X1·X4 | B13: 1 | C13: =IF(B13=1,_XtX!R67,0) -> 0.125 | D13: =IF(B13=1,SQRT($K$13*INDEX(_XtX!$B$78:$P$92,8,8)),"") -> 0.18588486 | E13: =IF(B13=1,C13/D13,"") -> 0.6724593 | F13: =IF(B13=1,TDIST(ABS(E13),$K$8,2),"") -> 0.51151794 | G13: =IF(F13="","",IF(F13<0.01,"**",IF(F13<0.05,"*",IF(F13<0.1,"△","")))) | H13: =IF(AND(B13=1,OR($B$7=0,$B$10=0)),"主効果が除外されています","") | J13: MSE | K13: =K9/K8 -> 0.55285088
A14: X2·X3 | B14: 1 | C14: =IF(B14=1,_XtX!R68,0) -> 0.3125 | D14: =IF(B14=1,SQRT($K$13*INDEX(_XtX!$B$78:$P$92,9,9)),"") -> 0.18588486 | E14: =IF(B14=1,C14/D14,"") -> 1.6811482 | F14: =IF(B14=1,TDIST(ABS(E14),$K$8,2),"") -> 0.11343168 | G14: =IF(F14="","",IF(F14<0.01,"**",IF(F14<0.05,"*",IF(F14<0.1,"△","")))) | H14: =IF(AND(B14=1,OR($B$8=0,$B$9=0)),"主効果が除外されています","") | J14: s（残差標準偏差） | K14: =SQRT(K13) -> 0.74353943
A15: X2·X4 | B15: 1 | C15: =IF(B15=1,_XtX!R69,0) -> -0.2125 | D15: =IF(B15=1,SQRT($K$13*INDEX(_XtX!$B$78:$P$92,10,10)),"") -> 0.18588486 | E15: =IF(B15=1,C15/D15,"") -> -1.1431808 | F15: =IF(B15=1,TDIST(ABS(E15),$K$8,2),"") -> 0.2708815 | G15: =IF(F15="","",IF(F15<0.01,"**",IF(F15<0.05,"*",IF(F15<0.1,"△","")))) | H15: =IF(AND(B15=1,OR($B$8=0,$B$10=0)),"主効果が除外されています","") | J15: R² | K15: =1-K9/K11 -> 0.9811786
A16: X3·X4 | B16: 1 | C16: =IF(B16=1,_XtX!R70,0) -> 0.2875 | D16: =IF(B16=1,SQRT($K$13*INDEX(_XtX!$B$78:$P$92,11,11)),"") -> 0.18588486 | E16: =IF(B16=1,C16/D16,"") -> 1.5466564 | F16: =IF(B16=1,TDIST(ABS(E16),$K$8,2),"") -> 0.14278127 | G16: =IF(F16="","",IF(F16<0.01,"**",IF(F16<0.05,"*",IF(F16<0.1,"△","")))) | H16: =IF(AND(B16=1,OR($B$9=0,$B$10=0)),"主効果が除外されています","") | J16: 調整済みR² | K16: =1-(K9/K8)/(K11/(K6-1)) -> 0.96361197
A17: X1² | B17: 1 | C17: =IF(B17=1,_XtX!R71,0) -> -2.5824561 | D17: =IF(B17=1,SQRT($K$13*INDEX(_XtX!$B$78:$P$92,12,12)),"") -> 0.46193186 | E17: =IF(B17=1,C17/D17,"") -> -5.5905565 | F17: =IF(B17=1,TDIST(ABS(E17),$K$8,2),"") -> 5.15522e-05 | G17: =IF(F17="","",IF(F17<0.01,"**",IF(F17<0.05,"*",IF(F17<0.1,"△","")))) -> ** | H17: =IF(AND(B17=1,OR($B$7=0)),"主効果が除外されています","") | J17: PRESS | K17: =SUMPRODUCT(_XtX!A5:A38,(_XtX!U5:U38/(1-_XtX!S5:S38))^2) -> 31.999986
A18: X2² | B18: 1 | C18: =IF(B18=1,_XtX!R72,0) -> -2.5824561 | D18: =IF(B18=1,SQRT($K$13*INDEX(_XtX!$B$78:$P$92,13,13)),"") -> 0.46193186 | E18: =IF(B18=1,C18/D18,"") -> -5.5905565 | F18: =IF(B18=1,TDIST(ABS(E18),$K$8,2),"") -> 5.15522e-05 | G18: =IF(F18="","",IF(F18<0.01,"**",IF(F18<0.05,"*",IF(F18<0.1,"△","")))) -> ** | H18: =IF(AND(B18=1,OR($B$8=0)),"主効果が除外されています","") | J18: 予測R² | K18: =1-K17/K11 -> 0.92737229
A19: X3² | B19: 1 | C19: =IF(B19=1,_XtX!R73,0) -> -0.68245614 | D19: =IF(B19=1,SQRT($K$13*INDEX(_XtX!$B$78:$P$92,14,14)),"") -> 0.46193186 | E19: =IF(B19=1,C19/D19,"") -> -1.4773957 | F19: =IF(B19=1,TDIST(ABS(E19),$K$8,2),"") -> 0.16025695 | G19: =IF(F19="","",IF(F19<0.01,"**",IF(F19<0.05,"*",IF(F19<0.1,"△","")))) | H19: =IF(AND(B19=1,OR($B$9=0)),"主効果が除外されています","") | J19: t値（工程窓・最適化用） | K19: =IF(01_因子設定!$B$13="目標値",TINV(1-01_因子設定!B17,K8),TINV(2*(1-01_因子設定!B17),K8)) -> 1.7530504
A20: X4² | B20: 1 | C20: =IF(B20=1,_XtX!R74,0) -> -0.38245614 | D20: =IF(B20=1,SQRT($K$13*INDEX(_XtX!$B$78:$P$92,15,15)),"") -> 0.46193186 | E20: =IF(B20=1,C20/D20,"") -> -0.82794926 | F20: =IF(B20=1,TDIST(ABS(E20),$K$8,2),"") -> 0.42067752 | G20: =IF(F20="","",IF(F20<0.01,"**",IF(F20<0.05,"*",IF(F20<0.1,"△","")))) | H20: =IF(AND(B20=1,OR($B$10=0)),"主効果が除外されています","") | J20: Y未入力数 | K20: =SUMPRODUCT((03_実験結果!$A$5:$A$38<=01_因子設定!$B$23)*(03_実験結果!$I$5:$I$38="")) -> 0
J21: 中心点の数 | K21: =COUNTIF(02_実験計画!B5:B38,"中心点") -> 6
A22: 有意：** p<0.01 * p<0.05 △ p<0.1。p値だけで機械的に削らず、技術的な意味と階層性を優先。 | J22: 中心点Yの平均 | K22: =IFERROR(AVERAGEIF(02_実験計画!B5:B38,"中心点",02_実験計画!$P$5:$P$38),0) -> 47.583333
J23: t値（両側・確認実験用） | K23: =TINV(1-01_因子設定!B17,K8) -> 2.1314495
J24: 工程窓用t：最大化・最小化＝片側（信頼水準95%なら t0.95）、目標値＝両側（t0.975）
A25: 要因 | B25: 自由度 | C25: 平方和 | D25: 平均平方 | E25: F値 | F25: p値 | G25: 判定
A26: 回帰 | B26: =K7-1 -> 14 | C26: =K12 -> 432.31024 | D26: =C26/B26 -> 30.879303 | E26: =D26/D27 -> 55.854669 | F26: =FDIST(E26,B26,B27) -> 2.3725649e-10 | G26: =IF(F26<0.05,"有意","有意でない") -> 有意
A27: 残差 | B27: =K8 -> 15 | C27: =K9 -> 8.2927632 | D27: =K13 -> 0.55285088
A28: 適合度の欠如 | B28: =B27-B29 -> 10 | C28: =C27-C29 -> 5.1044298 | D28: =IF(B28>0,C28/B28,"") -> 0.51044298 | E28: =IF(AND(B28>0,B29>0),D28/D29,"") -> 0.8004856 | F28: =IF(E28="","",FDIST(E28,B28,B29)) -> 0.64361875 | G28: =IF(F28="","検定不可",IF(F28<0.05,"有意（不適合）","有意でない（適合）")) -> 有意でない（適合）
A29: 純誤差 | B29: =MAX(K21-1,0) -> 5 | C29: =SUMPRODUCT((02_実験計画!$B$5:$B$38="中心点")*(02_実験計画!$P$5:$P$38-K22)^2) -> 3.1883333 | D29: =IF(B29>0,C29/B29,"") -> 0.63766667
A30: 合計 | B30: =K6-1 -> 29 | C30: =K11 -> 440.603
A33: 判断ゲート
A34: 計画の安全性 | B34: =IF(LEFT(01_因子設定!$B$33,1)="×","× 計画が安全限界を超過（01参照）→ 計画を変更してから実験する","○ 全実験点が安全限界内") -> ○ 全実験点が安全限界内
A35: ランダマイズ | B35: =IF(01_因子設定!$B$24="変更困難因子でグループ化",IF(01_因子設定!$B$25>0,"△ 分割区画の順序で実施。この解析は完全ランダムとみなした近似で、変更困難因子のp値は小さく（有意に）出やすい → 正式にはJMP/R等で分割区画解析","△ グループ化を選んでいるが変更困難因子に○がない（完全ランダムとして生成）"),IF(01_因子設定!$B$25>0,"△ 変更困難因子に○があるが完全ランダムで生成。現場で実施できるか確認（できなければグループ化＋正式解析はJMP/R等）","○ 完全ランダム")) -> △ 変更困難因子に○があるが完全ランダムで生成。現場で実施できるか確認（できなければグループ化＋正式解析はJMP/R等）
A36: データ | B36: =IF(K20>0,"× Yが"&K20&"件未入力 → 結果は無効","○ 全件入力済") -> ○ 全件入力済
A37: 回帰の有意性 | B37: =IF(F26<0.05,"○ 回帰は有意","× 有意でない → 因子・範囲の見直し。最適化に進まない") -> ○ 回帰は有意
A38: 適合度の欠如 | B38: =IF(F28="","－ 純誤差がないため検定不可（中心点を増やす）",IF(F28<0.05,"× 2次モデルで説明しきれない → 変換・領域縮小・因子追加を検討","○ 2次モデルで説明できている")) -> ○ 2次モデルで説明できている
A39: R²と予測R² | B39: =IF(K15-K18>0.2,"△ 差が0.2超 → 過学習の可能性。不要項の除外を検討","○ 差は0.2以内") -> ○ 差は0.2以内
A40: 残差 | B40: ="05_残差診断のグラフで、パターン・外れ値がないことを目視確認" -> 05_残差診断のグラフで、パターン・外れ値がないことを目視確認
A42: ×がなく、△の内容を理解・記録してから 06（正準解析）→07（最適化）→08（工程窓）へ進みます。

Sheet 05_残差診断
A1: 05 残差診断
A2: スチューデント化残差の絶対値が3超は要確認（測定ミス・異常の可能性）。消す前に原因を調べる。
A4: 標準順 | B4: 実験順 | C4: 使用 | D4: Y実測 | E4: 予測 | F4: 残差 | G4: 標準化残差 | H4: てこ比h | I4: スチューデント化残差 | J4: 判定 | L4: k | M4: 採用k | N4: 標準順 | O4: 予測 | P4: 残差 | Q4: 実験順 | R4: 残差(昇順) | S4: 理論分位点 | T4: 実測
A5: 1 | B5: =02_実験計画!O5 -> 5 | C5: =02_実験計画!C5 -> 1 | D5: =IF(C5=1,_XtX!Q5,"") -> 37.7 | E5: =IF(C5=1,_XtX!T5,"") -> 37.176681 | F5: =IF(C5=1,D5-E5,"") -> 0.52331871 | G5: =IF(C5=1,F5/04_回帰ANOVA!$K$14,"") -> 0.70382107 | H5: =IF(C5=1,_XtX!S5,"") -> 0.65862573 | I5: =IF(C5=1,IF(H5<0.9999,F5/(04_回帰ANOVA!$K$14*SQRT(1-H5)),0),"") -> 1.2046111 | J5: =IF(C5=1,IF(ABS(I5)>3,"要確認",IF(ABS(I5)>2,"注意","")),"") | L5: 1 | M5: =MIN(L5,04_回帰ANOVA!$K$6) -> 1 | N5: =MATCH(M5,$B$5:$B$38,0) -> 30 | O5: =INDEX($E$5:$E$38,N5) -> 47.907895 | P5: =INDEX($F$5:$F$38,N5) -> -0.20789474 | Q5: =M5 -> 1 | R5: =SMALL($F$5:$F$38,M5) -> -1.5078947 | S5: =NORMSINV((M5-0.375)/(04_回帰ANOVA!$K$6+0.25)) -> -2.0402813 | T5: =INDEX($D$5:$D$38,N5) -> 47.7
A6: 2 | B6: =02_実験計画!O6 -> 3 | C6: =02_実験計画!C6 -> 1 | D6: =IF(C6=1,_XtX!Q6,"") -> 39.4 | E6: =IF(C6=1,_XtX!T6,"") -> 39.987792 | F6: =IF(C6=1,D6-E6,"") -> -0.5877924 | G6: =IF(C6=1,F6/04_回帰ANOVA!$K$14,"") -> -0.79053293 | H6: =IF(C6=1,_XtX!S6,"") -> 0.65862573 | I6: =IF(C6=1,IF(H6<0.9999,F6/(04_回帰ANOVA!$K$14*SQRT(1-H6)),0),"") -> -1.3530211 | J6: =IF(C6=1,IF(ABS(I6)>3,"要確認",IF(ABS(I6)>2,"注意","")),"") | L6: 2 | M6: =MIN(L6,04_回帰ANOVA!$K$6) -> 2 | N6: =MATCH(M6,$B$5:$B$38,0) -> 27 | O6: =INDEX($E$5:$E$38,N6) -> 47.907895 | P6: =INDEX($F$5:$F$38,N6) -> -0.20789474 | Q6: =M6 -> 2 | R6: =SMALL($F$5:$F$38,M6) -> -0.90789474 | S6: =NORMSINV((M6-0.375)/(04_回帰ANOVA!$K$6+0.25)) -> -1.6098161 | T6: =INDEX($D$5:$D$38,N6) -> 47.7
A7: 3 | B7: =02_実験計画!O7 -> 23 | C7: =02_実験計画!C7 -> 1 | D7: =IF(C7=1,_XtX!Q7,"") -> 38.7 | E7: =IF(C7=1,_XtX!T7,"") -> 38.91557 | F7: =IF(C7=1,D7-E7,"") -> -0.21557018 | G7: =IF(C7=1,F7/04_回帰ANOVA!$K$14,"") -> -0.28992434 | H7: =IF(C7=1,_XtX!S7,"") -> 0.65862573 | I7: =IF(C7=1,IF(H7<0.9999,F7/(04_回帰ANOVA!$K$14*SQRT(1-H7)),0),"") -> -0.49621431 | J7: =IF(C7=1,IF(ABS(I7)>3,"要確認",IF(ABS(I7)>2,"注意","")),"") | L7: 3 | M7: =MIN(L7,04_回帰ANOVA!$K$6) -> 3 | N7: =MATCH(M7,$B$5:$B$38,0) -> 2 | O7: =INDEX($E$5:$E$38,N7) -> 39.987792 | P7: =INDEX($F$5:$F$38,N7) -> -0.5877924 | Q7: =M7 -> 3 | R7: =SMALL($F$5:$F$38,M7) -> -0.5877924 | S7: =NORMSINV((M7-0.375)/(04_回帰ANOVA!$K$6+0.25)) -> -1.3608733 | T7: =INDEX($D$5:$D$38,N7) -> 39.4
A8: 4 | B8: =02_実験計画!O8 -> 17 | C8: =02_実験計画!C8 -> 1 | D8: =IF(C8=1,_XtX!Q8,"") -> 46.6 | E8: =IF(C8=1,_XtX!T8,"") -> 46.226681 | F8: =IF(C8=1,D8-E8,"") -> 0.37331871 | G8: =IF(C8=1,F8/04_回帰ANOVA!$K$14,"") -> 0.50208328 | H8: =IF(C8=1,_XtX!S8,"") -> 0.65862573 | I8: =IF(C8=1,IF(H8<0.9999,F8/(04_回帰ANOVA!$K$14*SQRT(1-H8)),0),"") -> 0.85933078 | J8: =IF(C8=1,IF(ABS(I8)>3,"要確認",IF(ABS(I8)>2,"注意","")),"") | L8: 4 | M8: =MIN(L8,04_回帰ANOVA!$K$6) -> 4 | N8: =MATCH(M8,$B$5:$B$38,0) -> 6 | O8: =INDEX($E$5:$E$38,N8) -> 39.454459 | P8: =INDEX($F$5:$F$38,N8) -> 0.64554094 | Q8: =M8 -> 4 | R8: =SMALL($F$5:$F$38,M8) -> -0.54334795 | S8: =NORMSINV((M8-0.375)/(04_回帰ANOVA!$K$6+0.25)) -> -1.1758135 | T8: =INDEX($D$5:$D$38,N8) -> 40.1
A9: 5 | B9: =02_実験計画!O9 -> 6 | C9: =02_実験計画!C9 -> 1 | D9: =IF(C9=1,_XtX!Q9,"") -> 38.7 | E9: =IF(C9=1,_XtX!T9,"") -> 39.243348 | F9: =IF(C9=1,D9-E9,"") -> -0.54334795 | G9: =IF(C9=1,F9/04_回帰ANOVA!$K$14,"") -> -0.73075877 | H9: =IF(C9=1,_XtX!S9,"") -> 0.65862573 | I9: =IF(C9=1,IF(H9<0.9999,F9/(04_回帰ANOVA!$K$14*SQRT(1-H9)),0),"") -> -1.2507158 | J9: =IF(C9=1,IF(ABS(I9)>3,"要確認",IF(ABS(I9)>2,"注意","")),"") | L9: 5 | M9: =MIN(L9,04_回帰ANOVA!$K$6) -> 5 | N9: =MATCH(M9,$B$5:$B$38,0) -> 1 | O9: =INDEX($E$5:$E$38,N9) -> 37.176681 | P9: =INDEX($F$5:$F$38,N9) -> 0.52331871 | Q9: =M9 -> 5 | R9: =SMALL($F$5:$F$38,M9) -> -0.41988304 | S9: =NORMSINV((M9-0.375)/(04_回帰ANOVA!$K$6+0.25)) -> -1.0241062 | T9: =INDEX($D$5:$D$38,N9) -> 37.7
A10: 6 | B10: =02_実験計画!O10 -> 4 | C10: =02_実験計画!C10 -> 1 | D10: =IF(C10=1,_XtX!Q10,"") -> 40.1 | E10: =IF(C10=1,_XtX!T10,"") -> 39.454459 | F10: =IF(C10=1,D10-E10,"") -> 0.64554094 | G10: =IF(C10=1,F10/04_回帰ANOVA!$K$14,"") -> 0.86820001 | H10: =IF(C10=1,_XtX!S10,"") -> 0.65862573 | I10: =IF(C10=1,IF(H10<0.9999,F10/(04_回帰ANOVA!$K$14*SQRT(1-H10)),0),"") -> 1.4859507 | J10: =IF(C10=1,IF(ABS(I10)>3,"要確認",IF(ABS(I10)>2,"注意","")),"") | L10: 6 | M10: =MIN(L10,04_回帰ANOVA!$K$6) -> 6 | N10: =MATCH(M10,$B$5:$B$38,0) -> 5 | O10: =INDEX($E$5:$E$38,N10) -> 39.243348 | P10: =INDEX($F$5:$F$38,N10) -> -0.54334795 | Q10: =M10 -> 6 | R10: =SMALL($F$5:$F$38,M10) -> -0.37668129 | S10: =NORMSINV((M10-0.375)/(04_回帰ANOVA!$K$6+0.25)) -> -0.89291849 | T10: =INDEX($D$5:$D$38,N10) -> 38.7
A11: 7 | B11: =02_実験計画!O11 -> 22 | C11: =02_実験計画!C11 -> 1 | D11: =IF(C11=1,_XtX!Q11,"") -> 42.7 | E11: =IF(C11=1,_XtX!T11,"") -> 42.232237 | F11: =IF(C11=1,D11-E11,"") -> 0.46776316 | G11: =IF(C11=1,F11/04_回帰ANOVA!$K$14,"") -> 0.62910337 | H11: =IF(C11=1,_XtX!S11,"") -> 0.65862573 | I11: =IF(C11=1,IF(H11<0.9999,F11/(04_回帰ANOVA!$K$14*SQRT(1-H11)),0),"") -> 1.0767295 | J11: =IF(C11=1,IF(ABS(I11)>3,"要確認",IF(ABS(I11)>2,"注意","")),"") | L11: 7 | M11: =MIN(L11,04_回帰ANOVA!$K$6) -> 7 | N11: =MATCH(M11,$B$5:$B$38,0) -> 23 | O11: =INDEX($E$5:$E$38,N11) -> 47.119883 | P11: =INDEX($F$5:$F$38,N11) -> -0.41988304 | Q11: =M11 -> 7 | R11: =SMALL($F$5:$F$38,M11) -> -0.25445906 | S11: =NORMSINV((M11-0.375)/(04_回帰ANOVA!$K$6+0.25)) -> -0.77554696 | T11: =INDEX($D$5:$D$38,N11) -> 46.7
A12: 8 | B12: =02_実験計画!O12 -> 18 | C12: =02_実験計画!C12 -> 1 | D12: =IF(C12=1,_XtX!Q12,"") -> 46.7 | E12: =IF(C12=1,_XtX!T12,"") -> 46.943348 | F12: =IF(C12=1,D12-E12,"") -> -0.24334795 | G12: =IF(C12=1,F12/04_回帰ANOVA!$K$14,"") -> -0.32728319 | H12: =IF(C12=1,_XtX!S12,"") -> 0.65862573 | I12: =IF(C12=1,IF(H12<0.9999,F12/(04_回帰ANOVA!$K$14*SQRT(1-H12)),0),"") -> -0.56015511 | J12: =IF(C12=1,IF(ABS(I12)>3,"要確認",IF(ABS(I12)>2,"注意","")),"") | L12: 8 | M12: =MIN(L12,04_回帰ANOVA!$K$6) -> 8 | N12: =MATCH(M12,$B$5:$B$38,0) -> 22 | O12: =INDEX($E$5:$E$38,N12) -> 48.208772 | P12: =INDEX($F$5:$F$38,N12) -> 0.09122807 | Q12: =M12 -> 8 | R12: =SMALL($F$5:$F$38,M12) -> -0.24334795 | S12: =NORMSINV((M12-0.375)/(04_回帰ANOVA!$K$6+0.25)) -> -0.66800213 | T12: =INDEX($D$5:$D$38,N12) -> 48.3
A13: 9 | B13: =02_実験計画!O13 -> 29 | C13: =02_実験計画!C13 -> 1 | D13: =IF(C13=1,_XtX!Q13,"") -> 37.4 | E13: =IF(C13=1,_XtX!T13,"") -> 37.587792 | F13: =IF(C13=1,D13-E13,"") -> -0.1877924 | G13: =IF(C13=1,F13/04_回帰ANOVA!$K$14,"") -> -0.25256549 | H13: =IF(C13=1,_XtX!S13,"") -> 0.65862573 | I13: =IF(C13=1,IF(H13<0.9999,F13/(04_回帰ANOVA!$K$14*SQRT(1-H13)),0),"") -> -0.4322735 | J13: =IF(C13=1,IF(ABS(I13)>3,"要確認",IF(ABS(I13)>2,"注意","")),"") | L13: 9 | M13: =MIN(L13,04_回帰ANOVA!$K$6) -> 9 | N13: =MATCH(M13,$B$5:$B$38,0) -> 13 | O13: =INDEX($E$5:$E$38,N13) -> 40.804459 | P13: =INDEX($F$5:$F$38,N13) -> -0.10445906 | Q13: =M13 -> 9 | R13: =SMALL($F$5:$F$38,M13) -> -0.21557018 | S13: =NORMSINV((M13-0.375)/(04_回帰ANOVA!$K$6+0.25)) -> -0.56768639 | T13: =INDEX($D$5:$D$38,N13) -> 40.7
A14: 10 | B14: =02_実験計画!O14 -> 12 | C14: =02_実験計画!C14 -> 1 | D14: =IF(C14=1,_XtX!Q14,"") -> 40.7 | E14: =IF(C14=1,_XtX!T14,"") -> 40.898904 | F14: =IF(C14=1,D14-E14,"") -> -0.19890351 | G14: =IF(C14=1,F14/04_回帰ANOVA!$K$14,"") -> -0.26750903 | H14: =IF(C14=1,_XtX!S14,"") -> 0.65862573 | I14: =IF(C14=1,IF(H14<0.9999,F14/(04_回帰ANOVA!$K$14*SQRT(1-H14)),0),"") -> -0.45784982 | J14: =IF(C14=1,IF(ABS(I14)>3,"要確認",IF(ABS(I14)>2,"注意","")),"") | L14: 10 | M14: =MIN(L14,04_回帰ANOVA!$K$6) -> 10 | N14: =MATCH(M14,$B$5:$B$38,0) -> 17 | O14: =INDEX($E$5:$E$38,N14) -> 43.319883 | P14: =INDEX($F$5:$F$38,N14) -> 0.28011696 | Q14: =M14 -> 10 | R14: =SMALL($F$5:$F$38,M14) -> -0.21557018 | S14: =NORMSINV((M14-0.375)/(04_回帰ANOVA!$K$6+0.25)) -> -0.47278912 | T14: =INDEX($D$5:$D$38,N14) -> 43.6
A15: 11 | B15: =02_実験計画!O15 -> 16 | C15: =02_実験計画!C15 -> 1 | D15: =IF(C15=1,_XtX!Q15,"") -> 38.1 | E15: =IF(C15=1,_XtX!T15,"") -> 38.476681 | F15: =IF(C15=1,D15-E15,"") -> -0.37668129 | G15: =IF(C15=1,F15/04_回帰ANOVA!$K$14,"") -> -0.50660567 | H15: =IF(C15=1,_XtX!S15,"") -> 0.65862573 | I15: =IF(C15=1,IF(H15<0.9999,F15/(04_回帰ANOVA!$K$14*SQRT(1-H15)),0),"") -> -0.86707098 | J15: =IF(C15=1,IF(ABS(I15)>3,"要確認",IF(ABS(I15)>2,"注意","")),"") | L15: 11 | M15: =MIN(L15,04_回帰ANOVA!$K$6) -> 11 | N15: =MATCH(M15,$B$5:$B$38,0) -> 18 | O15: =INDEX($E$5:$E$38,N15) -> 47.330994 | P15: =INDEX($F$5:$F$38,N15) -> 0.36900585 | Q15: =M15 -> 11 | R15: =SMALL($F$5:$F$38,M15) -> -0.20789474 | S15: =NORMSINV((M15-0.375)/(04_回帰ANOVA!$K$6+0.25)) -> -0.38197577 | T15: =INDEX($D$5:$D$38,N15) -> 47.7
A16: 12 | B16: =02_実験計画!O16 -> 14 | C16: =02_実験計画!C16 -> 1 | D16: =IF(C16=1,_XtX!Q16,"") -> 46.4 | E16: =IF(C16=1,_XtX!T16,"") -> 46.287792 | F16: =IF(C16=1,D16-E16,"") -> 0.1122076 | G16: =IF(C16=1,F16/04_回帰ANOVA!$K$14,"") -> 0.15091009 | H16: =IF(C16=1,_XtX!S16,"") -> 0.65862573 | I16: =IF(C16=1,IF(H16<0.9999,F16/(04_回帰ANOVA!$K$14*SQRT(1-H16)),0),"") -> 0.2582872 | J16: =IF(C16=1,IF(ABS(I16)>3,"要確認",IF(ABS(I16)>2,"注意","")),"") | L16: 12 | M16: =MIN(L16,04_回帰ANOVA!$K$6) -> 12 | N16: =MATCH(M16,$B$5:$B$38,0) -> 10 | O16: =INDEX($E$5:$E$38,N16) -> 40.898904 | P16: =INDEX($F$5:$F$38,N16) -> -0.19890351 | Q16: =M16 -> 12 | R16: =SMALL($F$5:$F$38,M16) -> -0.20789474 | S16: =NORMSINV((M16-0.375)/(04_回帰ANOVA!$K$6+0.25)) -> -0.29421314 | T16: =INDEX($D$5:$D$38,N16) -> 40.7
... A36: 32 | B36: =02_実験計画!O36 | C36: =02_実験計画!C36 -> 0 | D36: =IF(C36=1,_XtX!Q36,"") | E36: =IF(C36=1,_XtX!T36,"") | F36: =IF(C36=1,D36-E36,"") | G36: =IF(C36=1,F36/04_回帰ANOVA!$K$14,"") | H36: =IF(C36=1,_XtX!S36,"") | I36: =IF(C36=1,IF(H36<0.9999,F36/(04_回帰ANOVA!$K$14*SQRT(1-H36)),0),"") | J36: =IF(C36=1,IF(ABS(I36)>3,"要確認",IF(ABS(I36)>2,"注意","")),"") | L36: 32 | M36: =MIN(L36,04_回帰ANOVA!$K$6) -> 30 | N36: =MATCH(M36,$B$5:$B$38,0) -> 16 | O36: =INDEX($E$5:$E$38,N36) -> 48.154459 | P36: =INDEX($F$5:$F$38,N36) -> -0.25445906 | Q36: =M36 -> 30 | R36: =SMALL($F$5:$F$38,M36) -> 1.0690058 | S36: =NORMSINV((M36-0.375)/(04_回帰ANOVA!$K$6+0.25)) -> 2.0402813 | T36: =INDEX($D$5:$D$38,N36) -> 47.9
A37: 33 | B37: =02_実験計画!O37 | C37: =02_実験計画!C37 -> 0 | D37: =IF(C37=1,_XtX!Q37,"") | E37: =IF(C37=1,_XtX!T37,"") | F37: =IF(C37=1,D37-E37,"") | G37: =IF(C37=1,F37/04_回帰ANOVA!$K$14,"") | H37: =IF(C37=1,_XtX!S37,"") | I37: =IF(C37=1,IF(H37<0.9999,F37/(04_回帰ANOVA!$K$14*SQRT(1-H37)),0),"") | J37: =IF(C37=1,IF(ABS(I37)>3,"要確認",IF(ABS(I37)>2,"注意","")),"") | L37: 33 | M37: =MIN(L37,04_回帰ANOVA!$K$6) -> 30 | N37: =MATCH(M37,$B$5:$B$38,0) -> 16 | O37: =INDEX($E$5:$E$38,N37) -> 48.154459 | P37: =INDEX($F$5:$F$38,N37) -> -0.25445906 | Q37: =M37 -> 30 | R37: =SMALL($F$5:$F$38,M37) -> 1.0690058 | S37: =NORMSINV((M37-0.375)/(04_回帰ANOVA!$K$6+0.25)) -> 2.0402813 | T37: =INDEX($D$5:$D$38,N37) -> 47.9 | V37: 見方：①残差vs予測に漏斗形・曲線パターンがない ②正規確率がほぼ直線 ③実験順に傾向（ドリフト）がない ④実測vs予測が45°線上
A38: 34 | B38: =02_実験計画!O38 | C38: =02_実験計画!C38 -> 0 | D38: =IF(C38=1,_XtX!Q38,"") | E38: =IF(C38=1,_XtX!T38,"") | F38: =IF(C38=1,D38-E38,"") | G38: =IF(C38=1,F38/04_回帰ANOVA!$K$14,"") | H38: =IF(C38=1,_XtX!S38,"") | I38: =IF(C38=1,IF(H38<0.9999,F38/(04_回帰ANOVA!$K$14*SQRT(1-H38)),0),"") | J38: =IF(C38=1,IF(ABS(I38)>3,"要確認",IF(ABS(I38)>2,"注意","")),"") | L38: 34 | M38: =MIN(L38,04_回帰ANOVA!$K$6) -> 30 | N38: =MATCH(M38,$B$5:$B$38,0) -> 16 | O38: =INDEX($E$5:$E$38,N38) -> 48.154459 | P38: =INDEX($F$5:$F$38,N38) -> -0.25445906 | Q38: =M38 -> 30 | R38: =SMALL($F$5:$F$38,M38) -> 1.0690058 | S38: =NORMSINV((M38-0.375)/(04_回帰ANOVA!$K$6+0.25)) -> 2.0402813 | T38: =INDEX($D$5:$D$38,N38) -> 47.9

Sheet 06_正準解析
A1: 06 正準解析（停留点の種類と位置）
A2: 最適化の前に必ず確認：停留点が最大点・最小点・鞍点のどれか、実験領域の内か外か。
A5: 2次係数行列 B | G5: 1次係数 b
A6: X1 | B6: =04_回帰ANOVA!C17 -> -2.5824561 | C6: =04_回帰ANOVA!C11/2 -> 0.5625 | D6: =04_回帰ANOVA!C12/2 -> -0.325 | E6: =04_回帰ANOVA!C13/2 -> 0.0625 | G6: =04_回帰ANOVA!C7 -> 2.0055556
A7: X2 | B7: =04_回帰ANOVA!C11/2 -> 0.5625 | C7: =04_回帰ANOVA!C18 -> -2.5824561 | D7: =04_回帰ANOVA!C14/2 -> 0.15625 | E7: =04_回帰ANOVA!C15/2 -> -0.10625 | G7: =04_回帰ANOVA!C8 -> 2.0944444
A8: X3 | B8: =04_回帰ANOVA!C12/2 -> -0.325 | C8: =04_回帰ANOVA!C14/2 -> 0.15625 | D8: =04_回帰ANOVA!C19 -> -0.68245614 | E8: =04_回帰ANOVA!C16/2 -> 0.14375 | G8: =04_回帰ANOVA!C9 -> 0.98333333
A9: X4 | B9: =04_回帰ANOVA!C13/2 -> 0.0625 | C9: =04_回帰ANOVA!C15/2 -> -0.10625 | D9: =04_回帰ANOVA!C16/2 -> 0.14375 | E9: =04_回帰ANOVA!C20 -> -0.38245614 | G9: =04_回帰ANOVA!C10 -> 0.40555556
A12: 因子 | B12: 停留点(コード) | C12: 停留点(実値) | D12: 単位
A13: =01_因子設定!B5 -> 炉温 | B13: =IFERROR(-0.5*INDEX(MMULT(MINVERSE($B$6:$E$9),$G$6:$G$9),1,1),"算出不可") -> 0.41805276 | C13: =IF(ISNUMBER(B13),01_因子設定!G5+B13*01_因子設定!H5,"") -> 69.180528 | D13: =01_因子設定!D5 -> ℃
A14: =01_因子設定!B6 -> 乾燥時間 | B14: =IFERROR(-0.5*INDEX(MMULT(MINVERSE($B$6:$E$9),$G$6:$G$9),2,1),"算出不可") -> 0.5137704 | C14: =IF(ISNUMBER(B14),01_因子設定!G6+B14*01_因子設定!H6,"") -> 35.137704 | D14: =01_因子設定!D6 -> min
A15: =01_因子設定!B7 -> 循環風速 | B15: =IFERROR(-0.5*INDEX(MMULT(MINVERSE($B$6:$E$9),$G$6:$G$9),3,1),"算出不可") -> 0.79817689 | C15: =IF(ISNUMBER(B15),01_因子設定!G7+B15*01_因子設定!H7,"") -> 2.7981769 | D15: =01_因子設定!D7 -> m/s
A16: =01_因子設定!B8 -> 給気率 | B16: =IFERROR(-0.5*INDEX(MMULT(MINVERSE($B$6:$E$9),$G$6:$G$9),4,1),"算出不可") -> 0.75578836 | C16: =IF(ISNUMBER(B16),01_因子設定!G8+B16*01_因子設定!H8,"") -> 55.115767 | D16: =01_因子設定!D8 -> %
A18: 停留点での予測Y | B18: =IF(ISNUMBER(B13),04_回帰ANOVA!C6+0.5*SUMPRODUCT(G6:G9,B13:B16),"") -> 49.410835
A19: 中心からの距離 | B19: =IF(ISNUMBER(B13),SQRT(SUMSQ(B13:B16)),"") -> 1.2833669
A20: 実験領域内か | B20: =IF(NOT(ISNUMBER(B13)),"－",IF(01_因子設定!$B$20="Box-Behnken",IF(B19<=SQRT(2),"領域内","領域外（外挿）"),IF(01_因子設定!$B$20="回転可能CCD(α=2.000)",IF(B19<=2,"領域内","領域外（外挿）"),IF(MAX(ABS(B13),ABS(B14),ABS(B15),ABS(B16))<=1,"領域内","領域外（外挿）")))) -> 領域内
A22: 固有値 | B22: 値
A23: λ1 | B23: =SMALL((_eig!B293~_eig!C294~_eig!D295~_eig!E296),1) -> -3.1980397
A24: λ2 | B24: =SMALL((_eig!B293~_eig!C294~_eig!D295~_eig!E296),2) -> -2.0300616
A25: λ3 | B25: =SMALL((_eig!B293~_eig!C294~_eig!D295~_eig!E296),3) -> -0.68038246
A26: λ4 | B26: =SMALL((_eig!B293~_eig!C294~_eig!D295~_eig!E296),4) -> -0.32134087
A28: 停留点の種類 | B28: =IF(MAX(B23:B26)<0,"最大点",IF(MIN(B23:B26)>0,"最小点","鞍点")) -> 最大点
A29: 尾根（リッジ） | B29: =IF(MIN(ABS(B23),ABS(B24),ABS(B25),ABS(B26))<0.1*MAX(ABS(B23),ABS(B24),ABS(B25),ABS(B26)),"あり：ほぼ平らな方向がある → その方向には工程窓を広く取れる可能性","なし：全方向に明確な曲率") -> なし：全方向に明確な曲率
A30: 判断 | B30: =IF(NOT(ISNUMBER(B13)),"停留点を算出できない（2次項を除外している等）→ 07の探索結果を使う",IF(B20<>"領域内","停留点は実験領域外。外挿値は信用しない → 07の領域内探索結果を採用し、必要なら領域を移して追加実験",IF(OR(AND(01_因子設定!$B$13="最大化",B28="最大点"),AND(01_因子設定!$B$13="最小化",B28="最小点")),"停留点が領域内の最適点候補。07の結果と一致するか確認",IF(B28="鞍点","鞍点のため停留点は最適点ではない → 07の探索結果（領域境界上になりやすい）を採用","停留点は目的と逆向きの極値 → 07の探索結果を採用")))) -> 停留点が領域内の最適点候補。07の結果と一致するか確認
A32: 固有値はJacobi法で数値計算（_eigシート）。λが全て負→最大点、全て正→最小点、正負混在→鞍点。

Sheet 07_最適化
A1: 07 最適化（実験領域内の4次元グリッド探索）
A2: 『点予測の最適』と『予測限界で規格への余裕が最大の条件（ロバスト最適）』を並べて表示します。
A4: 項目 | B4: ロバスト最適（推奨） | C4: 点予測の最適 | E4: 説明
A5: グリッド行 | B5: =MATCH(MAX(_grid!$AF$5:$AF$6565),_grid!$AF$5:$AF$6565,0) -> 4921 | C5: =MATCH(MAX(_grid!$AG$5:$AG$6565),_grid!$AG$5:$AG$6565,0) -> 4931 | E5: ロバスト最適：規格側の予測限界（最大化なら下側限界）と規格の差が最大の条件。ばらつきを考慮した推奨条件。 点予測の最適：予測値そのものが最大（最小・目標値に最も近い）条件。境界に張り付きやすく、区間は広め。 両者が大きく違う場合、点予測の最適は『予測のばらつきが大きい場所』にある。原則ロバスト最適を採用。 判定用下限・上限：最大化・最小化は片側、目標値は両側の予測限界（04のt値を使用）。 ×の場合：規格が厳しすぎる／因子範囲が不適切／モデル誤差が大きい。範囲を移して追加実験、sの低減を検討。
A6: =01_因子設定!B5&"（コード）" -> 炉温（コード） | B6: =INDEX(_grid!$E$5:$E$6565,B$5) -> 0.5 | C6: =INDEX(_grid!$E$5:$E$6565,C$5) -> 0.5
A7: =01_因子設定!B6&"（コード）" -> 乾燥時間（コード） | B7: =INDEX(_grid!$F$5:$F$6565,B$5) -> 0.5 | C7: =INDEX(_grid!$F$5:$F$6565,C$5) -> 0.5
A8: =01_因子設定!B7&"（コード）" -> 循環風速（コード） | B8: =INDEX(_grid!$G$5:$G$6565,B$5) -> 0.5 | C8: =INDEX(_grid!$G$5:$G$6565,C$5) -> 0.75
A9: =01_因子設定!B8&"（コード）" -> 給気率（コード） | B9: =INDEX(_grid!$H$5:$H$6565,B$5) -> 0.5 | C9: =INDEX(_grid!$H$5:$H$6565,C$5) -> 0.75
A10: =01_因子設定!B5&"["&01_因子設定!D5&"]" -> 炉温[℃] | B10: =01_因子設定!$G$5+B6*01_因子設定!$H$5 -> 70 | C10: =01_因子設定!$G$5+C6*01_因子設定!$H$5 -> 70
A11: =01_因子設定!B6&"["&01_因子設定!D6&"]" -> 乾燥時間[min] | B11: =01_因子設定!$G$6+B7*01_因子設定!$H$6 -> 35 | C11: =01_因子設定!$G$6+C7*01_因子設定!$H$6 -> 35
A12: =01_因子設定!B7&"["&01_因子設定!D7&"]" -> 循環風速[m/s] | B12: =01_因子設定!$G$7+B8*01_因子設定!$H$7 -> 2.5 | C12: =01_因子設定!$G$7+C8*01_因子設定!$H$7 -> 2.75
A13: =01_因子設定!B8&"["&01_因子設定!D8&"]" -> 給気率[%] | B13: =01_因子設定!$G$8+B9*01_因子設定!$H$8 -> 50 | C13: =01_因子設定!$G$8+C9*01_因子設定!$H$8 -> 55
A14: 予測Y | B14: =INDEX(_grid!$X$5:$X$6565,B$5) -> 49.341758 | C14: =INDEX(_grid!$X$5:$X$6565,C$5) -> 49.392914
A15: 判定用下限 | B15: =INDEX(_grid!$AA$5:$AA$6565,B$5) -> 47.95382 | C15: =INDEX(_grid!$AA$5:$AA$6565,C$5) -> 47.942691
A16: 判定用上限 | B16: =INDEX(_grid!$AB$5:$AB$6565,B$5) -> 50.729696 | C16: =INDEX(_grid!$AB$5:$AB$6565,C$5) -> 50.843137
A17: 規格への余裕 | B17: =INDEX(_grid!$AD$5:$AD$6565,B$5) -> 1.4538203 | C17: =INDEX(_grid!$AD$5:$AD$6565,C$5) -> 1.4426913
A18: 判定 | B18: =IF(B17<-1E+029,"有効な点なし（安全限界・領域を確認）",IF(B17>=0,"○ 予測限界でも規格を満たす","× 予測限界では規格を満たせない")) -> ○ 予測限界でも規格を満たす | C18: =IF(C17<-1E+029,"有効な点なし（安全限界・領域を確認）",IF(C17>=0,"○ 予測限界でも規格を満たす","× 予測限界では規格を満たせない")) -> ○ 予測限界でも規格を満たす
A21: ロバスト最適の上位5候補（実値）
A22: 順位 | B22: グリッド行 | C22: =01_因子設定!B5 -> 炉温 | D22: =01_因子設定!B6 -> 乾燥時間 | E22: =01_因子設定!B7 -> 循環風速 | F22: =01_因子設定!B8 -> 給気率 | G22: 予測Y | H22: 判定用下限 | I22: 判定用上限 | J22: 余裕
A23: 1 | B23: =MATCH(LARGE(_grid!$AF$5:$AF$6565,1),_grid!$AF$5:$AF$6565,0) -> 4921 | C23: =01_因子設定!$G$5+INDEX(_grid!$E$5:$E$6565,$B23)*01_因子設定!$H$5 -> 70 | D23: =01_因子設定!$G$6+INDEX(_grid!$F$5:$F$6565,$B23)*01_因子設定!$H$6 -> 35 | E23: =01_因子設定!$G$7+INDEX(_grid!$G$5:$G$6565,$B23)*01_因子設定!$H$7 -> 2.5 | F23: =01_因子設定!$G$8+INDEX(_grid!$H$5:$H$6565,$B23)*01_因子設定!$H$8 -> 50 | G23: =INDEX(_grid!$X$5:$X$6565,$B23) -> 49.341758 | H23: =INDEX(_grid!$AA$5:$AA$6565,$B23) -> 47.95382 | I23: =INDEX(_grid!$AB$5:$AB$6565,$B23) -> 50.729696 | J23: =INDEX(_grid!$AD$5:$AD$6565,$B23) -> 1.4538203
A24: 2 | B24: =MATCH(LARGE(_grid!$AF$5:$AF$6565,2),_grid!$AF$5:$AF$6565,0) -> 4930 | C24: =01_因子設定!$G$5+INDEX(_grid!$E$5:$E$6565,$B24)*01_因子設定!$H$5 -> 70 | D24: =01_因子設定!$G$6+INDEX(_grid!$F$5:$F$6565,$B24)*01_因子設定!$H$6 -> 35 | E24: =01_因子設定!$G$7+INDEX(_grid!$G$5:$G$6565,$B24)*01_因子設定!$H$7 -> 2.75 | F24: =01_因子設定!$G$8+INDEX(_grid!$H$5:$H$6565,$B24)*01_因子設定!$H$8 -> 50 | G24: =INDEX(_grid!$X$5:$X$6565,$B24) -> 49.368074 | H24: =INDEX(_grid!$AA$5:$AA$6565,$B24) -> 47.943822 | I24: =INDEX(_grid!$AB$5:$AB$6565,$B24) -> 50.792326 | J24: =INDEX(_grid!$AD$5:$AD$6565,$B24) -> 1.4438217
A25: 3 | B25: =MATCH(LARGE(_grid!$AF$5:$AF$6565,3),_grid!$AF$5:$AF$6565,0) -> 4931 | C25: =01_因子設定!$G$5+INDEX(_grid!$E$5:$E$6565,$B25)*01_因子設定!$H$5 -> 70 | D25: =01_因子設定!$G$6+INDEX(_grid!$F$5:$F$6565,$B25)*01_因子設定!$H$6 -> 35 | E25: =01_因子設定!$G$7+INDEX(_grid!$G$5:$G$6565,$B25)*01_因子設定!$H$7 -> 2.75 | F25: =01_因子設定!$G$8+INDEX(_grid!$H$5:$H$6565,$B25)*01_因子設定!$H$8 -> 55 | G25: =INDEX(_grid!$X$5:$X$6565,$B25) -> 49.392914 | H25: =INDEX(_grid!$AA$5:$AA$6565,$B25) -> 47.942691 | I25: =INDEX(_grid!$AB$5:$AB$6565,$B25) -> 50.843137 | J25: =INDEX(_grid!$AD$5:$AD$6565,$B25) -> 1.4426913
A26: 4 | B26: =MATCH(LARGE(_grid!$AF$5:$AF$6565,4),_grid!$AF$5:$AF$6565,0) -> 4922 | C26: =01_因子設定!$G$5+INDEX(_grid!$E$5:$E$6565,$B26)*01_因子設定!$H$5 -> 70 | D26: =01_因子設定!$G$6+INDEX(_grid!$F$5:$F$6565,$B26)*01_因子設定!$H$6 -> 35 | E26: =01_因子設定!$G$7+INDEX(_grid!$G$5:$G$6565,$B26)*01_因子設定!$H$7 -> 2.5 | F26: =01_因子設定!$G$8+INDEX(_grid!$H$5:$H$6565,$B26)*01_因子設定!$H$8 -> 55 | G26: =INDEX(_grid!$X$5:$X$6565,$B26) -> 49.348629 | H26: =INDEX(_grid!$AA$5:$AA$6565,$B26) -> 47.924377 | I26: =INDEX(_grid!$AB$5:$AB$6565,$B26) -> 50.772881 | J26: =INDEX(_grid!$AD$5:$AD$6565,$B26) -> 1.4243773
A27: 5 | B27: =MATCH(LARGE(_grid!$AF$5:$AF$6565,5),_grid!$AF$5:$AF$6565,0) -> 4920 | C27: =01_因子設定!$G$5+INDEX(_grid!$E$5:$E$6565,$B27)*01_因子設定!$H$5 -> 70 | D27: =01_因子設定!$G$6+INDEX(_grid!$F$5:$F$6565,$B27)*01_因子設定!$H$6 -> 35 | E27: =01_因子設定!$G$7+INDEX(_grid!$G$5:$G$6565,$B27)*01_因子設定!$H$7 -> 2.5 | F27: =01_因子設定!$G$8+INDEX(_grid!$H$5:$H$6565,$B27)*01_因子設定!$H$8 -> 45 | G27: =INDEX(_grid!$X$5:$X$6565,$B27) -> 49.28708 | H27: =INDEX(_grid!$AA$5:$AA$6565,$B27) -> 47.899069 | I27: =INDEX(_grid!$AB$5:$AB$6565,$B27) -> 50.675091 | J27: =INDEX(_grid!$AD$5:$AD$6565,$B27) -> 1.3990685
A28: 上位候補が近い値に集まっていれば最適点は安定。ばらばらなら平坦（尾根）で、工程窓を広く取れる可能性。
A30: （任意）Solverで精密化
A31: グリッドは0.250刻み。細かく詰める場合は、下の黄色セルにロバスト最適のコード値を値貼り付け→データ→ソルバー：目的セル『余裕』を最大化、変数セルは黄色セル、制約は右の表示、解法『GRG非線形』（マルチスタート推奨）。
A32: =01_因子設定!B5&"（コード）" -> 炉温（コード） | B32: 0 | C32: ="制約："&TEXT(MAX(-1,01_因子設定!L5),"0.00")&" ≦ B32 ≦ "&TEXT(MIN(1,01_因子設定!M5),"0.00") -> 制約：-1.00 ≦ B32 ≦ 1.00 | D32: =01_因子設定!$G$5+B32*01_因子設定!$H$5 -> 65 | M32: 切片 | N32: X1 | O32: X2 | P32: X3 | Q32: X4 | R32: X1·X2 | S32: X1·X3 | T32: X1·X4 | U32: X2·X3 | V32: X2·X4 | W32: X3·X4 | X32: X1² | Y32: X2² | Z32: X3² | AA32: X4²
A33: =01_因子設定!B6&"（コード）" -> 乾燥時間（コード） | B33: 0 | C33: ="制約："&TEXT(MAX(-1,01_因子設定!L6),"0.00")&" ≦ B33 ≦ "&TEXT(MIN(1,01_因子設定!M6),"0.00") -> 制約：-1.00 ≦ B33 ≦ 1.00 | D33: =01_因子設定!$G$6+B33*01_因子設定!$H$6 -> 30 | M33: =1 -> 1 | N33: =$B$32 -> 0 | O33: =$B$33 -> 0 | P33: =$B$34 -> 0 | Q33: =$B$35 -> 0 | R33: =$B$32*$B$33 -> 0 | S33: =$B$32*$B$34 -> 0 | T33: =$B$32*$B$35 -> 0 | U33: =$B$33*$B$34 -> 0 | V33: =$B$33*$B$35 -> 0 | W33: =$B$34*$B$35 -> 0 | X33: =$B$32*$B$32 -> 0 | Y33: =$B$33*$B$33 -> 0 | Z33: =$B$34*$B$34 -> 0 | AA33: =$B$35*$B$35 -> 0
A34: =01_因子設定!B7&"（コード）" -> 循環風速（コード） | B34: 0 | C34: ="制約："&TEXT(MAX(-1,01_因子設定!L7),"0.00")&" ≦ B34 ≦ "&TEXT(MIN(1,01_因子設定!M7),"0.00") -> 制約：-1.00 ≦ B34 ≦ 1.00 | D34: =01_因子設定!$G$7+B34*01_因子設定!$H$7 -> 2
A35: =01_因子設定!B8&"（コード）" -> 給気率（コード） | B35: 0 | C35: ="制約："&TEXT(MAX(-1,01_因子設定!L8),"0.00")&" ≦ B35 ≦ "&TEXT(MIN(1,01_因子設定!M8),"0.00") -> 制約：-1.00 ≦ B35 ≦ 1.00 | D35: =01_因子設定!$G$8+B35*01_因子設定!$H$8 -> 40
A37: 予測Y | B37: =SUMPRODUCT(M33:AA33,_XtX!$B$96:$P$96) -> 47.907895
A38: q | B38: =SUMPRODUCT(MMULT(M33:AA33,_XtX!$B$78:$P$92),M33:AA33) -> 0.096491228
A39: 判定用下限／上限 | B39: =B37-04_回帰ANOVA!$K$19*04_回帰ANOVA!$K$14*SQRT(1+B38) -> 46.542994 | C39: =B37+04_回帰ANOVA!$K$19*04_回帰ANOVA!$K$14*SQRT(1+B38) -> 49.272795
A40: 余裕（目的セル） | B40: =IF(01_因子設定!$B$13="最大化",B39-01_因子設定!$B$14,IF(01_因子設定!$B$13="最小化",01_因子設定!$B$15-C39,MIN(B39-01_因子設定!$B$14,01_因子設定!$B$15-C39))) -> 0.042994298 | C40: =IF(01_因子設定!$B$20="Box-Behnken","BBDの場合は制約『黄色セルの二乗和≦2』も追加","")

Sheet 08_工程窓
A1: 08 工程窓（予測限界ベース）
A2: 2因子を軸にした断面で予測値と『規格への余裕』を表示。余裕≧0（緑）が工程窓。残りの因子は下で指定した値に固定。
A4: 横軸の因子 | B4: X1 | C4: =VALUE(RIGHT(B4,1)) -> 1 | D4: =INDEX(01_因子設定!$B$5:$B$8,C4)&"["&INDEX(01_因子設定!$D$5:$D$8,C4)&"]" -> 炉温[℃] | E4: =IF(C4=C5,"× 横軸と縦軸に同じ因子は指定できません","")
A5: 縦軸の因子 | B5: X2 | C5: =VALUE(RIGHT(B5,1)) -> 2 | D5: =INDEX(01_因子設定!$B$5:$B$8,C5)&"["&INDEX(01_因子設定!$D$5:$D$8,C5)&"]" -> 乾燥時間[min]
A6: 固定因子の値 | B6: ロバスト最適点
A8: 因子 | B8: 手入力(コード) | C8: 使用する固定値(コード) | D8: 実値 | E8: 役割
A9: =01_因子設定!B5 -> 炉温 | B9: 0 | C9: =IF($B$6="手入力",B9,IF($B$6="点予測最適点",07_最適化!$C$6,07_最適化!$B$6)) -> 0.5 | D9: =01_因子設定!G5+C9*01_因子設定!H5 -> 70 | E9: =IF($C$4=1,"横軸",IF($C$5=1,"縦軸","固定")) -> 横軸
A10: =01_因子設定!B6 -> 乾燥時間 | B10: 0 | C10: =IF($B$6="手入力",B10,IF($B$6="点予測最適点",07_最適化!$C$7,07_最適化!$B$7)) -> 0.5 | D10: =01_因子設定!G6+C10*01_因子設定!H6 -> 35 | E10: =IF($C$4=2,"横軸",IF($C$5=2,"縦軸","固定")) -> 縦軸
A11: =01_因子設定!B7 -> 循環風速 | B11: 0 | C11: =IF($B$6="手入力",B11,IF($B$6="点予測最適点",07_最適化!$C$8,07_最適化!$B$8)) -> 0.5 | D11: =01_因子設定!G7+C11*01_因子設定!H7 -> 2.5 | E11: =IF($C$4=3,"横軸",IF($C$5=3,"縦軸","固定")) -> 固定
A12: =01_因子設定!B8 -> 給気率 | B12: 0 | C12: =IF($B$6="手入力",B12,IF($B$6="点予測最適点",07_最適化!$C$9,07_最適化!$B$9)) -> 0.5 | D12: =01_因子設定!G8+C12*01_因子設定!H8 -> 50 | E12: =IF($C$4=4,"横軸",IF($C$5=4,"縦軸","固定")) -> 固定
A14: ① 予測値 Ŷ（点予測）
A15: 縦↓ 実値 | B15: コード | C15: -1 | D15: -0.9 | E15: -0.8 | F15: -0.7 | G15: -0.6 | H15: -0.5 | I15: -0.4 | J15: -0.3 | K15: -0.2 | L15: -0.1 | M15: 0 | N15: 0.1 | O15: 0.2 | P15: 0.3 | Q15: 0.4 | R15: 0.5 | S15: 0.6 | T15: 0.7 | U15: 0.8 | V15: 0.9 | W15: 1
A16: ="縦↓ "&$D$5 -> 縦↓ 乾燥時間[min] | B16: ="横→ "&$D$4 -> 横→ 炉温[℃] | C16: =INDEX(01_因子設定!$G$5:$G$8,$C$4)+C15*INDEX(01_因子設定!$H$5:$H$8,$C$4) -> 55 | D16: =INDEX(01_因子設定!$G$5:$G$8,$C$4)+D15*INDEX(01_因子設定!$H$5:$H$8,$C$4) -> 56 | E16: =INDEX(01_因子設定!$G$5:$G$8,$C$4)+E15*INDEX(01_因子設定!$H$5:$H$8,$C$4) -> 57 | F16: =INDEX(01_因子設定!$G$5:$G$8,$C$4)+F15*INDEX(01_因子設定!$H$5:$H$8,$C$4) -> 58 | G16: =INDEX(01_因子設定!$G$5:$G$8,$C$4)+G15*INDEX(01_因子設定!$H$5:$H$8,$C$4) -> 59 | H16: =INDEX(01_因子設定!$G$5:$G$8,$C$4)+H15*INDEX(01_因子設定!$H$5:$H$8,$C$4) -> 60 | I16: =INDEX(01_因子設定!$G$5:$G$8,$C$4)+I15*INDEX(01_因子設定!$H$5:$H$8,$C$4) -> 61 | J16: =INDEX(01_因子設定!$G$5:$G$8,$C$4)+J15*INDEX(01_因子設定!$H$5:$H$8,$C$4) -> 62 | ... W16: =INDEX(01_因子設定!$G$5:$G$8,$C$4)+W15*INDEX(01_因子設定!$H$5:$H$8,$C$4) -> 75
A17: =INDEX(01_因子設定!$G$5:$G$8,$C$5)+B17*INDEX(01_因子設定!$H$5:$H$8,$C$5) -> 40 | B17: 1 | C17: =IF(AND(_slice!$H$5=1,C$15>=_slice!$H$6-0.000000001,C$15<=_slice!$I$6+0.000000001,$B17>=_slice!$H$7-0.000000001,$B17<=_slice!$I$7+0.000000001,IF(01_因子設定!$B$20="Box-Behnken",C$15^2+$B17^2+_slice!$H$8<=2+0.000000001,TRUE())),_slice!C84,"外") -> 42.519463 | D17: =IF(AND(_slice!$H$5=1,D$15>=_slice!$H$6-0.000000001,D$15<=_slice!$I$6+0.000000001,$B17>=_slice!$H$7-0.000000001,$B17<=_slice!$I$7+0.000000001,IF(01_因子設定!$B$20="Box-Behnken",D$15^2+$B17^2+_slice!$H$8<=2+0.000000001,TRUE())),_slice!D84,"外") -> 43.296935 | E17: =IF(AND(_slice!$H$5=1,E$15>=_slice!$H$6-0.000000001,E$15<=_slice!$I$6+0.000000001,$B17>=_slice!$H$7-0.000000001,$B17<=_slice!$I$7+0.000000001,IF(01_因子設定!$B$20="Box-Behnken",E$15^2+$B17^2+_slice!$H$8<=2+0.000000001,TRUE())),_slice!E84,"外") -> 44.022758 | F17: =IF(AND(_slice!$H$5=1,F$15>=_slice!$H$6-0.000000001,F$15<=_slice!$I$6+0.000000001,$B17>=_slice!$H$7-0.000000001,$B17<=_slice!$I$7+0.000000001,IF(01_因子設定!$B$20="Box-Behnken",F$15^2+$B17^2+_slice!$H$8<=2+0.000000001,TRUE())),_slice!F84,"外") -> 44.696932 | G17: =IF(AND(_slice!$H$5=1,G$15>=_slice!$H$6-0.000000001,G$15<=_slice!$I$6+0.000000001,$B17>=_slice!$H$7-0.000000001,$B17<=_slice!$I$7+0.000000001,IF(01_因子設定!$B$20="Box-Behnken",G$15^2+$B17^2+_slice!$H$8<=2+0.000000001,TRUE())),_slice!G84,"外") -> 45.319457 | H17: =IF(AND(_slice!$H$5=1,H$15>=_slice!$H$6-0.000000001,H$15<=_slice!$I$6+0.000000001,$B17>=_slice!$H$7-0.000000001,$B17<=_slice!$I$7+0.000000001,IF(01_因子設定!$B$20="Box-Behnken",H$15^2+$B17^2+_slice!$H$8<=2+0.000000001,TRUE())),_slice!H84,"外") -> 45.890333 | I17: =IF(AND(_slice!$H$5=1,I$15>=_slice!$H$6-0.000000001,I$15<=_slice!$I$6+0.000000001,$B17>=_slice!$H$7-0.000000001,$B17<=_slice!$I$7+0.000000001,IF(01_因子設定!$B$20="Box-Behnken",I$15^2+$B17^2+_slice!$H$8<=2+0.000000001,TRUE())),_slice!I84,"外") -> 46.409559 | J17: =IF(AND(_slice!$H$5=1,J$15>=_slice!$H$6-0.000000001,J$15<=_slice!$I$6+0.000000001,$B17>=_slice!$H$7-0.000000001,$B17<=_slice!$I$7+0.000000001,IF(01_因子設定!$B$20="Box-Behnken",J$15^2+$B17^2+_slice!$H$8<=2+0.000000001,TRUE())),_slice!J84,"外") -> 46.877137 | ... W17: =IF(AND(_slice!$H$5=1,W$15>=_slice!$H$6-0.000000001,W$15<=_slice!$I$6+0.000000001,$B17>=_slice!$H$7-0.000000001,$B17<=_slice!$I$7+0.000000001,IF(01_因子設定!$B$20="Box-Behnken",W$15^2+$B17^2+_slice!$H$8<=2+0.000000001,TRUE())),_slice!W84,"外") -> 48.255574
A18: =INDEX(01_因子設定!$G$5:$G$8,$C$5)+B18*INDEX(01_因子設定!$H$5:$H$8,$C$5) -> 39 | B18: 0.9 | C18: =IF(AND(_slice!$H$5=1,C$15>=_slice!$H$6-0.000000001,C$15<=_slice!$I$6+0.000000001,$B18>=_slice!$H$7-0.000000001,$B18<=_slice!$I$7+0.000000001,IF(01_因子設定!$B$20="Box-Behnken",C$15^2+$B18^2+_slice!$H$8<=2+0.000000001,TRUE())),_slice!C85,"外") -> 42.908185 | D18: =IF(AND(_slice!$H$5=1,D$15>=_slice!$H$6-0.000000001,D$15<=_slice!$I$6+0.000000001,$B18>=_slice!$H$7-0.000000001,$B18<=_slice!$I$7+0.000000001,IF(01_因子設定!$B$20="Box-Behnken",D$15^2+$B18^2+_slice!$H$8<=2+0.000000001,TRUE())),_slice!D85,"外") -> 43.674407 | E18: =IF(AND(_slice!$H$5=1,E$15>=_slice!$H$6-0.000000001,E$15<=_slice!$I$6+0.000000001,$B18>=_slice!$H$7-0.000000001,$B18<=_slice!$I$7+0.000000001,IF(01_因子設定!$B$20="Box-Behnken",E$15^2+$B18^2+_slice!$H$8<=2+0.000000001,TRUE())),_slice!E85,"外") -> 44.38898 | F18: =IF(AND(_slice!$H$5=1,F$15>=_slice!$H$6-0.000000001,F$15<=_slice!$I$6+0.000000001,$B18>=_slice!$H$7-0.000000001,$B18<=_slice!$I$7+0.000000001,IF(01_因子設定!$B$20="Box-Behnken",F$15^2+$B18^2+_slice!$H$8<=2+0.000000001,TRUE())),_slice!F85,"外") -> 45.051904 | G18: =IF(AND(_slice!$H$5=1,G$15>=_slice!$H$6-0.000000001,G$15<=_slice!$I$6+0.000000001,$B18>=_slice!$H$7-0.000000001,$B18<=_slice!$I$7+0.000000001,IF(01_因子設定!$B$20="Box-Behnken",G$15^2+$B18^2+_slice!$H$8<=2+0.000000001,TRUE())),_slice!G85,"外") -> 45.663179 | H18: =IF(AND(_slice!$H$5=1,H$15>=_slice!$H$6-0.000000001,H$15<=_slice!$I$6+0.000000001,$B18>=_slice!$H$7-0.000000001,$B18<=_slice!$I$7+0.000000001,IF(01_因子設定!$B$20="Box-Behnken",H$15^2+$B18^2+_slice!$H$8<=2+0.000000001,TRUE())),_slice!H85,"外") -> 46.222805 | I18: =IF(AND(_slice!$H$5=1,I$15>=_slice!$H$6-0.000000001,I$15<=_slice!$I$6+0.000000001,$B18>=_slice!$H$7-0.000000001,$B18<=_slice!$I$7+0.000000001,IF(01_因子設定!$B$20="Box-Behnken",I$15^2+$B18^2+_slice!$H$8<=2+0.000000001,TRUE())),_slice!I85,"外") -> 46.730781 | J18: =IF(AND(_slice!$H$5=1,J$15>=_slice!$H$6-0.000000001,J$15<=_slice!$I$6+0.000000001,$B18>=_slice!$H$7-0.000000001,$B18<=_slice!$I$7+0.000000001,IF(01_因子設定!$B$20="Box-Behnken",J$15^2+$B18^2+_slice!$H$8<=2+0.000000001,TRUE())),_slice!J85,"外") -> 47.187109 | ... W18: =IF(AND(_slice!$H$5=1,W$15>=_slice!$H$6-0.000000001,W$15<=_slice!$I$6+0.000000001,$B18>=_slice!$H$7-0.000000001,$B18<=_slice!$I$7+0.000000001,IF(01_因子設定!$B$20="Box-Behnken",W$15^2+$B18^2+_slice!$H$8<=2+0.000000001,TRUE())),_slice!W85,"外") -> 48.419296
A19: =INDEX(01_因子設定!$G$5:$G$8,$C$5)+B19*INDEX(01_因子設定!$H$5:$H$8,$C$5) -> 38 | B19: 0.8 | C19: =IF(AND(_slice!$H$5=1,C$15>=_slice!$H$6-0.000000001,C$15<=_slice!$I$6+0.000000001,$B19>=_slice!$H$7-0.000000001,$B19<=_slice!$I$7+0.000000001,IF(01_因子設定!$B$20="Box-Behnken",C$15^2+$B19^2+_slice!$H$8<=2+0.000000001,TRUE())),_slice!C86,"外") -> 43.245258 | D19: =IF(AND(_slice!$H$5=1,D$15>=_slice!$H$6-0.000000001,D$15<=_slice!$I$6+0.000000001,$B19>=_slice!$H$7-0.000000001,$B19<=_slice!$I$7+0.000000001,IF(01_因子設定!$B$20="Box-Behnken",D$15^2+$B19^2+_slice!$H$8<=2+0.000000001,TRUE())),_slice!D86,"外") -> 44.00023 | E19: =IF(AND(_slice!$H$5=1,E$15>=_slice!$H$6-0.000000001,E$15<=_slice!$I$6+0.000000001,$B19>=_slice!$H$7-0.000000001,$B19<=_slice!$I$7+0.000000001,IF(01_因子設定!$B$20="Box-Behnken",E$15^2+$B19^2+_slice!$H$8<=2+0.000000001,TRUE())),_slice!E86,"外") -> 44.703553 | F19: =IF(AND(_slice!$H$5=1,F$15>=_slice!$H$6-0.000000001,F$15<=_slice!$I$6+0.000000001,$B19>=_slice!$H$7-0.000000001,$B19<=_slice!$I$7+0.000000001,IF(01_因子設定!$B$20="Box-Behnken",F$15^2+$B19^2+_slice!$H$8<=2+0.000000001,TRUE())),_slice!F86,"外") -> 45.355227 | G19: =IF(AND(_slice!$H$5=1,G$15>=_slice!$H$6-0.000000001,G$15<=_slice!$I$6+0.000000001,$B19>=_slice!$H$7-0.000000001,$B19<=_slice!$I$7+0.000000001,IF(01_因子設定!$B$20="Box-Behnken",G$15^2+$B19^2+_slice!$H$8<=2+0.000000001,TRUE())),_slice!G86,"外") -> 45.955252 | H19: =IF(AND(_slice!$H$5=1,H$15>=_slice!$H$6-0.000000001,H$15<=_slice!$I$6+0.000000001,$B19>=_slice!$H$7-0.000000001,$B19<=_slice!$I$7+0.000000001,IF(01_因子設定!$B$20="Box-Behnken",H$15^2+$B19^2+_slice!$H$8<=2+0.000000001,TRUE())),_slice!H86,"外") -> 46.503628 | I19: =IF(AND(_slice!$H$5=1,I$15>=_slice!$H$6-0.000000001,I$15<=_slice!$I$6+0.000000001,$B19>=_slice!$H$7-0.000000001,$B19<=_slice!$I$7+0.000000001,IF(01_因子設定!$B$20="Box-Behnken",I$15^2+$B19^2+_slice!$H$8<=2+0.000000001,TRUE())),_slice!I86,"外") -> 47.000355 | J19: =IF(AND(_slice!$H$5=1,J$15>=_slice!$H$6-0.000000001,J$15<=_slice!$I$6+0.000000001,$B19>=_slice!$H$7-0.000000001,$B19<=_slice!$I$7+0.000000001,IF(01_因子設定!$B$20="Box-Behnken",J$15^2+$B19^2+_slice!$H$8<=2+0.000000001,TRUE())),_slice!J86,"外") -> 47.445432 | ... W19: =IF(AND(_slice!$H$5=1,W$15>=_slice!$H$6-0.000000001,W$15<=_slice!$I$6+0.000000001,$B19>=_slice!$H$7-0.000000001,$B19<=_slice!$I$7+0.000000001,IF(01_因子設定!$B$20="Box-Behnken",W$15^2+$B19^2+_slice!$H$8<=2+0.000000001,TRUE())),_slice!W86,"外") -> 48.531369
A20: =INDEX(01_因子設定!$G$5:$G$8,$C$5)+B20*INDEX(01_因子設定!$H$5:$H$8,$C$5) -> 37 | B20: 0.7 | C20: =IF(AND(_slice!$H$5=1,C$15>=_slice!$H$6-0.000000001,C$15<=_slice!$I$6+0.000000001,$B20>=_slice!$H$7-0.000000001,$B20<=_slice!$I$7+0.000000001,IF(01_因子設定!$B$20="Box-Behnken",C$15^2+$B20^2+_slice!$H$8<=2+0.000000001,TRUE())),_slice!C87,"外") -> 43.530682 | D20: =IF(AND(_slice!$H$5=1,D$15>=_slice!$H$6-0.000000001,D$15<=_slice!$I$6+0.000000001,$B20>=_slice!$H$7-0.000000001,$B20<=_slice!$I$7+0.000000001,IF(01_因子設定!$B$20="Box-Behnken",D$15^2+$B20^2+_slice!$H$8<=2+0.000000001,TRUE())),_slice!D87,"外") -> 44.274404 | E20: =IF(AND(_slice!$H$5=1,E$15>=_slice!$H$6-0.000000001,E$15<=_slice!$I$6+0.000000001,$B20>=_slice!$H$7-0.000000001,$B20<=_slice!$I$7+0.000000001,IF(01_因子設定!$B$20="Box-Behnken",E$15^2+$B20^2+_slice!$H$8<=2+0.000000001,TRUE())),_slice!E87,"外") -> 44.966477 | F20: =IF(AND(_slice!$H$5=1,F$15>=_slice!$H$6-0.000000001,F$15<=_slice!$I$6+0.000000001,$B20>=_slice!$H$7-0.000000001,$B20<=_slice!$I$7+0.000000001,IF(01_因子設定!$B$20="Box-Behnken",F$15^2+$B20^2+_slice!$H$8<=2+0.000000001,TRUE())),_slice!F87,"外") -> 45.606901 | G20: =IF(AND(_slice!$H$5=1,G$15>=_slice!$H$6-0.000000001,G$15<=_slice!$I$6+0.000000001,$B20>=_slice!$H$7-0.000000001,$B20<=_slice!$I$7+0.000000001,IF(01_因子設定!$B$20="Box-Behnken",G$15^2+$B20^2+_slice!$H$8<=2+0.000000001,TRUE())),_slice!G87,"外") -> 46.195676 | H20: =IF(AND(_slice!$H$5=1,H$15>=_slice!$H$6-0.000000001,H$15<=_slice!$I$6+0.000000001,$B20>=_slice!$H$7-0.000000001,$B20<=_slice!$I$7+0.000000001,IF(01_因子設定!$B$20="Box-Behnken",H$15^2+$B20^2+_slice!$H$8<=2+0.000000001,TRUE())),_slice!H87,"外") -> 46.732802 | I20: =IF(AND(_slice!$H$5=1,I$15>=_slice!$H$6-0.000000001,I$15<=_slice!$I$6+0.000000001,$B20>=_slice!$H$7-0.000000001,$B20<=_slice!$I$7+0.000000001,IF(01_因子設定!$B$20="Box-Behnken",I$15^2+$B20^2+_slice!$H$8<=2+0.000000001,TRUE())),_slice!I87,"外") -> 47.218279 | J20: =IF(AND(_slice!$H$5=1,J$15>=_slice!$H$6-0.000000001,J$15<=_slice!$I$6+0.000000001,$B20>=_slice!$H$7-0.000000001,$B20<=_slice!$I$7+0.000000001,IF(01_因子設定!$B$20="Box-Behnken",J$15^2+$B20^2+_slice!$H$8<=2+0.000000001,TRUE())),_slice!J87,"外") -> 47.652106 | ... W20: =IF(AND(_slice!$H$5=1,W$15>=_slice!$H$6-0.000000001,W$15<=_slice!$I$6+0.000000001,$B20>=_slice!$H$7-0.000000001,$B20<=_slice!$I$7+0.000000001,IF(01_因子設定!$B$20="Box-Behnken",W$15^2+$B20^2+_slice!$H$8<=2+0.000000001,TRUE())),_slice!W87,"外") -> 48.591793
A21: =INDEX(01_因子設定!$G$5:$G$8,$C$5)+B21*INDEX(01_因子設定!$H$5:$H$8,$C$5) -> 36 | B21: 0.6 | C21: =IF(AND(_slice!$H$5=1,C$15>=_slice!$H$6-0.000000001,C$15<=_slice!$I$6+0.000000001,$B21>=_slice!$H$7-0.000000001,$B21<=_slice!$I$7+0.000000001,IF(01_因子設定!$B$20="Box-Behnken",C$15^2+$B21^2+_slice!$H$8<=2+0.000000001,TRUE())),_slice!C88,"外") -> 43.764457 | D21: =IF(AND(_slice!$H$5=1,D$15>=_slice!$H$6-0.000000001,D$15<=_slice!$I$6+0.000000001,$B21>=_slice!$H$7-0.000000001,$B21<=_slice!$I$7+0.000000001,IF(01_因子設定!$B$20="Box-Behnken",D$15^2+$B21^2+_slice!$H$8<=2+0.000000001,TRUE())),_slice!D88,"外") -> 44.496929 | E21: =IF(AND(_slice!$H$5=1,E$15>=_slice!$H$6-0.000000001,E$15<=_slice!$I$6+0.000000001,$B21>=_slice!$H$7-0.000000001,$B21<=_slice!$I$7+0.000000001,IF(01_因子設定!$B$20="Box-Behnken",E$15^2+$B21^2+_slice!$H$8<=2+0.000000001,TRUE())),_slice!E88,"外") -> 45.177752 | F21: =IF(AND(_slice!$H$5=1,F$15>=_slice!$H$6-0.000000001,F$15<=_slice!$I$6+0.000000001,$B21>=_slice!$H$7-0.000000001,$B21<=_slice!$I$7+0.000000001,IF(01_因子設定!$B$20="Box-Behnken",F$15^2+$B21^2+_slice!$H$8<=2+0.000000001,TRUE())),_slice!F88,"外") -> 45.806926 | G21: =IF(AND(_slice!$H$5=1,G$15>=_slice!$H$6-0.000000001,G$15<=_slice!$I$6+0.000000001,$B21>=_slice!$H$7-0.000000001,$B21<=_slice!$I$7+0.000000001,IF(01_因子設定!$B$20="Box-Behnken",G$15^2+$B21^2+_slice!$H$8<=2+0.000000001,TRUE())),_slice!G88,"外") -> 46.384451 | H21: =IF(AND(_slice!$H$5=1,H$15>=_slice!$H$6-0.000000001,H$15<=_slice!$I$6+0.000000001,$B21>=_slice!$H$7-0.000000001,$B21<=_slice!$I$7+0.000000001,IF(01_因子設定!$B$20="Box-Behnken",H$15^2+$B21^2+_slice!$H$8<=2+0.000000001,TRUE())),_slice!H88,"外") -> 46.910327 | I21: =IF(AND(_slice!$H$5=1,I$15>=_slice!$H$6-0.000000001,I$15<=_slice!$I$6+0.000000001,$B21>=_slice!$H$7-0.000000001,$B21<=_slice!$I$7+0.000000001,IF(01_因子設定!$B$20="Box-Behnken",I$15^2+$B21^2+_slice!$H$8<=2+0.000000001,TRUE())),_slice!I88,"外") -> 47.384553 | J21: =IF(AND(_slice!$H$5=1,J$15>=_slice!$H$6-0.000000001,J$15<=_slice!$I$6+0.000000001,$B21>=_slice!$H$7-0.000000001,$B21<=_slice!$I$7+0.000000001,IF(01_因子設定!$B$20="Box-Behnken",J$15^2+$B21^2+_slice!$H$8<=2+0.000000001,TRUE())),_slice!J88,"外") -> 47.807131 | ... W21: =IF(AND(_slice!$H$5=1,W$15>=_slice!$H$6-0.000000001,W$15<=_slice!$I$6+0.000000001,$B21>=_slice!$H$7-0.000000001,$B21<=_slice!$I$7+0.000000001,IF(01_因子設定!$B$20="Box-Behnken",W$15^2+$B21^2+_slice!$H$8<=2+0.000000001,TRUE())),_slice!W88,"外") -> 48.600568
A22: =INDEX(01_因子設定!$G$5:$G$8,$C$5)+B22*INDEX(01_因子設定!$H$5:$H$8,$C$5) -> 35 | B22: 0.5 | C22: =IF(AND(_slice!$H$5=1,C$15>=_slice!$H$6-0.000000001,C$15<=_slice!$I$6+0.000000001,$B22>=_slice!$H$7-0.000000001,$B22<=_slice!$I$7+0.000000001,IF(01_因子設定!$B$20="Box-Behnken",C$15^2+$B22^2+_slice!$H$8<=2+0.000000001,TRUE())),_slice!C89,"外") -> 43.946583 | D22: =IF(AND(_slice!$H$5=1,D$15>=_slice!$H$6-0.000000001,D$15<=_slice!$I$6+0.000000001,$B22>=_slice!$H$7-0.000000001,$B22<=_slice!$I$7+0.000000001,IF(01_因子設定!$B$20="Box-Behnken",D$15^2+$B22^2+_slice!$H$8<=2+0.000000001,TRUE())),_slice!D89,"外") -> 44.667805 | E22: =IF(AND(_slice!$H$5=1,E$15>=_slice!$H$6-0.000000001,E$15<=_slice!$I$6+0.000000001,$B22>=_slice!$H$7-0.000000001,$B22<=_slice!$I$7+0.000000001,IF(01_因子設定!$B$20="Box-Behnken",E$15^2+$B22^2+_slice!$H$8<=2+0.000000001,TRUE())),_slice!E89,"外") -> 45.337378 | F22: =IF(AND(_slice!$H$5=1,F$15>=_slice!$H$6-0.000000001,F$15<=_slice!$I$6+0.000000001,$B22>=_slice!$H$7-0.000000001,$B22<=_slice!$I$7+0.000000001,IF(01_因子設定!$B$20="Box-Behnken",F$15^2+$B22^2+_slice!$H$8<=2+0.000000001,TRUE())),_slice!F89,"外") -> 45.955302 | G22: =IF(AND(_slice!$H$5=1,G$15>=_slice!$H$6-0.000000001,G$15<=_slice!$I$6+0.000000001,$B22>=_slice!$H$7-0.000000001,$B22<=_slice!$I$7+0.000000001,IF(01_因子設定!$B$20="Box-Behnken",G$15^2+$B22^2+_slice!$H$8<=2+0.000000001,TRUE())),_slice!G89,"外") -> 46.521577 | H22: =IF(AND(_slice!$H$5=1,H$15>=_slice!$H$6-0.000000001,H$15<=_slice!$I$6+0.000000001,$B22>=_slice!$H$7-0.000000001,$B22<=_slice!$I$7+0.000000001,IF(01_因子設定!$B$20="Box-Behnken",H$15^2+$B22^2+_slice!$H$8<=2+0.000000001,TRUE())),_slice!H89,"外") -> 47.036202 | I22: =IF(AND(_slice!$H$5=1,I$15>=_slice!$H$6-0.000000001,I$15<=_slice!$I$6+0.000000001,$B22>=_slice!$H$7-0.000000001,$B22<=_slice!$I$7+0.000000001,IF(01_因子設定!$B$20="Box-Behnken",I$15^2+$B22^2+_slice!$H$8<=2+0.000000001,TRUE())),_slice!I89,"外") -> 47.499179 | J22: =IF(AND(_slice!$H$5=1,J$15>=_slice!$H$6-0.000000001,J$15<=_slice!$I$6+0.000000001,$B22>=_slice!$H$7-0.000000001,$B22<=_slice!$I$7+0.000000001,IF(01_因子設定!$B$20="Box-Behnken",J$15^2+$B22^2+_slice!$H$8<=2+0.000000001,TRUE())),_slice!J89,"外") -> 47.910507 | ... W22: =IF(AND(_slice!$H$5=1,W$15>=_slice!$H$6-0.000000001,W$15<=_slice!$I$6+0.000000001,$B22>=_slice!$H$7-0.000000001,$B22<=_slice!$I$7+0.000000001,IF(01_因子設定!$B$20="Box-Behnken",W$15^2+$B22^2+_slice!$H$8<=2+0.000000001,TRUE())),_slice!W89,"外") -> 48.557694
A23: =INDEX(01_因子設定!$G$5:$G$8,$C$5)+B23*INDEX(01_因子設定!$H$5:$H$8,$C$5) -> 34 | B23: 0.4 | C23: =IF(AND(_slice!$H$5=1,C$15>=_slice!$H$6-0.000000001,C$15<=_slice!$I$6+0.000000001,$B23>=_slice!$H$7-0.000000001,$B23<=_slice!$I$7+0.000000001,IF(01_因子設定!$B$20="Box-Behnken",C$15^2+$B23^2+_slice!$H$8<=2+0.000000001,TRUE())),_slice!C90,"外") -> 44.077059 | D23: =IF(AND(_slice!$H$5=1,D$15>=_slice!$H$6-0.000000001,D$15<=_slice!$I$6+0.000000001,$B23>=_slice!$H$7-0.000000001,$B23<=_slice!$I$7+0.000000001,IF(01_因子設定!$B$20="Box-Behnken",D$15^2+$B23^2+_slice!$H$8<=2+0.000000001,TRUE())),_slice!D90,"外") -> 44.787031 | E23: =IF(AND(_slice!$H$5=1,E$15>=_slice!$H$6-0.000000001,E$15<=_slice!$I$6+0.000000001,$B23>=_slice!$H$7-0.000000001,$B23<=_slice!$I$7+0.000000001,IF(01_因子設定!$B$20="Box-Behnken",E$15^2+$B23^2+_slice!$H$8<=2+0.000000001,TRUE())),_slice!E90,"外") -> 45.445355 | F23: =IF(AND(_slice!$H$5=1,F$15>=_slice!$H$6-0.000000001,F$15<=_slice!$I$6+0.000000001,$B23>=_slice!$H$7-0.000000001,$B23<=_slice!$I$7+0.000000001,IF(01_因子設定!$B$20="Box-Behnken",F$15^2+$B23^2+_slice!$H$8<=2+0.000000001,TRUE())),_slice!F90,"外") -> 46.052029 | G23: =IF(AND(_slice!$H$5=1,G$15>=_slice!$H$6-0.000000001,G$15<=_slice!$I$6+0.000000001,$B23>=_slice!$H$7-0.000000001,$B23<=_slice!$I$7+0.000000001,IF(01_因子設定!$B$20="Box-Behnken",G$15^2+$B23^2+_slice!$H$8<=2+0.000000001,TRUE())),_slice!G90,"外") -> 46.607053 | H23: =IF(AND(_slice!$H$5=1,H$15>=_slice!$H$6-0.000000001,H$15<=_slice!$I$6+0.000000001,$B23>=_slice!$H$7-0.000000001,$B23<=_slice!$I$7+0.000000001,IF(01_因子設定!$B$20="Box-Behnken",H$15^2+$B23^2+_slice!$H$8<=2+0.000000001,TRUE())),_slice!H90,"外") -> 47.110429 | I23: =IF(AND(_slice!$H$5=1,I$15>=_slice!$H$6-0.000000001,I$15<=_slice!$I$6+0.000000001,$B23>=_slice!$H$7-0.000000001,$B23<=_slice!$I$7+0.000000001,IF(01_因子設定!$B$20="Box-Behnken",I$15^2+$B23^2+_slice!$H$8<=2+0.000000001,TRUE())),_slice!I90,"外") -> 47.562156 | J23: =IF(AND(_slice!$H$5=1,J$15>=_slice!$H$6-0.000000001,J$15<=_slice!$I$6+0.000000001,$B23>=_slice!$H$7-0.000000001,$B23<=_slice!$I$7+0.000000001,IF(01_因子設定!$B$20="Box-Behnken",J$15^2+$B23^2+_slice!$H$8<=2+0.000000001,TRUE())),_slice!J90,"外") -> 47.962233 | ... W23: =IF(AND(_slice!$H$5=1,W$15>=_slice!$H$6-0.000000001,W$15<=_slice!$I$6+0.000000001,$B23>=_slice!$H$7-0.000000001,$B23<=_slice!$I$7+0.000000001,IF(01_因子設定!$B$20="Box-Behnken",W$15^2+$B23^2+_slice!$H$8<=2+0.000000001,TRUE())),_slice!W90,"外") -> 48.46317
A24: =INDEX(01_因子設定!$G$5:$G$8,$C$5)+B24*INDEX(01_因子設定!$H$5:$H$8,$C$5) -> 33 | B24: 0.3 | C24: =IF(AND(_slice!$H$5=1,C$15>=_slice!$H$6-0.000000001,C$15<=_slice!$I$6+0.000000001,$B24>=_slice!$H$7-0.000000001,$B24<=_slice!$I$7+0.000000001,IF(01_因子設定!$B$20="Box-Behnken",C$15^2+$B24^2+_slice!$H$8<=2+0.000000001,TRUE())),_slice!C91,"外") -> 44.155887 | D24: =IF(AND(_slice!$H$5=1,D$15>=_slice!$H$6-0.000000001,D$15<=_slice!$I$6+0.000000001,$B24>=_slice!$H$7-0.000000001,$B24<=_slice!$I$7+0.000000001,IF(01_因子設定!$B$20="Box-Behnken",D$15^2+$B24^2+_slice!$H$8<=2+0.000000001,TRUE())),_slice!D91,"外") -> 44.854609 | E24: =IF(AND(_slice!$H$5=1,E$15>=_slice!$H$6-0.000000001,E$15<=_slice!$I$6+0.000000001,$B24>=_slice!$H$7-0.000000001,$B24<=_slice!$I$7+0.000000001,IF(01_因子設定!$B$20="Box-Behnken",E$15^2+$B24^2+_slice!$H$8<=2+0.000000001,TRUE())),_slice!E91,"外") -> 45.501682 | F24: =IF(AND(_slice!$H$5=1,F$15>=_slice!$H$6-0.000000001,F$15<=_slice!$I$6+0.000000001,$B24>=_slice!$H$7-0.000000001,$B24<=_slice!$I$7+0.000000001,IF(01_因子設定!$B$20="Box-Behnken",F$15^2+$B24^2+_slice!$H$8<=2+0.000000001,TRUE())),_slice!F91,"外") -> 46.097106 | G24: =IF(AND(_slice!$H$5=1,G$15>=_slice!$H$6-0.000000001,G$15<=_slice!$I$6+0.000000001,$B24>=_slice!$H$7-0.000000001,$B24<=_slice!$I$7+0.000000001,IF(01_因子設定!$B$20="Box-Behnken",G$15^2+$B24^2+_slice!$H$8<=2+0.000000001,TRUE())),_slice!G91,"外") -> 46.640881 | H24: =IF(AND(_slice!$H$5=1,H$15>=_slice!$H$6-0.000000001,H$15<=_slice!$I$6+0.000000001,$B24>=_slice!$H$7-0.000000001,$B24<=_slice!$I$7+0.000000001,IF(01_因子設定!$B$20="Box-Behnken",H$15^2+$B24^2+_slice!$H$8<=2+0.000000001,TRUE())),_slice!H91,"外") -> 47.133007 | I24: =IF(AND(_slice!$H$5=1,I$15>=_slice!$H$6-0.000000001,I$15<=_slice!$I$6+0.000000001,$B24>=_slice!$H$7-0.000000001,$B24<=_slice!$I$7+0.000000001,IF(01_因子設定!$B$20="Box-Behnken",I$15^2+$B24^2+_slice!$H$8<=2+0.000000001,TRUE())),_slice!I91,"外") -> 47.573483 | J24: =IF(AND(_slice!$H$5=1,J$15>=_slice!$H$6-0.000000001,J$15<=_slice!$I$6+0.000000001,$B24>=_slice!$H$7-0.000000001,$B24<=_slice!$I$7+0.000000001,IF(01_因子設定!$B$20="Box-Behnken",J$15^2+$B24^2+_slice!$H$8<=2+0.000000001,TRUE())),_slice!J91,"外") -> 47.962311 | ... W24: =IF(AND(_slice!$H$5=1,W$15>=_slice!$H$6-0.000000001,W$15<=_slice!$I$6+0.000000001,$B24>=_slice!$H$7-0.000000001,$B24<=_slice!$I$7+0.000000001,IF(01_因子設定!$B$20="Box-Behnken",W$15^2+$B24^2+_slice!$H$8<=2+0.000000001,TRUE())),_slice!W91,"外") -> 48.316998
A25: =INDEX(01_因子設定!$G$5:$G$8,$C$5)+B25*INDEX(01_因子設定!$H$5:$H$8,$C$5) -> 32 | B25: 0.2 | C25: =IF(AND(_slice!$H$5=1,C$15>=_slice!$H$6-0.000000001,C$15<=_slice!$I$6+0.000000001,$B25>=_slice!$H$7-0.000000001,$B25<=_slice!$I$7+0.000000001,IF(01_因子設定!$B$20="Box-Behnken",C$15^2+$B25^2+_slice!$H$8<=2+0.000000001,TRUE())),_slice!C92,"外") -> 44.183065 | D25: =IF(AND(_slice!$H$5=1,D$15>=_slice!$H$6-0.000000001,D$15<=_slice!$I$6+0.000000001,$B25>=_slice!$H$7-0.000000001,$B25<=_slice!$I$7+0.000000001,IF(01_因子設定!$B$20="Box-Behnken",D$15^2+$B25^2+_slice!$H$8<=2+0.000000001,TRUE())),_slice!D92,"外") -> 44.870537 | E25: =IF(AND(_slice!$H$5=1,E$15>=_slice!$H$6-0.000000001,E$15<=_slice!$I$6+0.000000001,$B25>=_slice!$H$7-0.000000001,$B25<=_slice!$I$7+0.000000001,IF(01_因子設定!$B$20="Box-Behnken",E$15^2+$B25^2+_slice!$H$8<=2+0.000000001,TRUE())),_slice!E92,"外") -> 45.50636 | F25: =IF(AND(_slice!$H$5=1,F$15>=_slice!$H$6-0.000000001,F$15<=_slice!$I$6+0.000000001,$B25>=_slice!$H$7-0.000000001,$B25<=_slice!$I$7+0.000000001,IF(01_因子設定!$B$20="Box-Behnken",F$15^2+$B25^2+_slice!$H$8<=2+0.000000001,TRUE())),_slice!F92,"外") -> 46.090534 | G25: =IF(AND(_slice!$H$5=1,G$15>=_slice!$H$6-0.000000001,G$15<=_slice!$I$6+0.000000001,$B25>=_slice!$H$7-0.000000001,$B25<=_slice!$I$7+0.000000001,IF(01_因子設定!$B$20="Box-Behnken",G$15^2+$B25^2+_slice!$H$8<=2+0.000000001,TRUE())),_slice!G92,"外") -> 46.623059 | H25: =IF(AND(_slice!$H$5=1,H$15>=_slice!$H$6-0.000000001,H$15<=_slice!$I$6+0.000000001,$B25>=_slice!$H$7-0.000000001,$B25<=_slice!$I$7+0.000000001,IF(01_因子設定!$B$20="Box-Behnken",H$15^2+$B25^2+_slice!$H$8<=2+0.000000001,TRUE())),_slice!H92,"外") -> 47.103935 | I25: =IF(AND(_slice!$H$5=1,I$15>=_slice!$H$6-0.000000001,I$15<=_slice!$I$6+0.000000001,$B25>=_slice!$H$7-0.000000001,$B25<=_slice!$I$7+0.000000001,IF(01_因子設定!$B$20="Box-Behnken",I$15^2+$B25^2+_slice!$H$8<=2+0.000000001,TRUE())),_slice!I92,"外") -> 47.533162 | J25: =IF(AND(_slice!$H$5=1,J$15>=_slice!$H$6-0.000000001,J$15<=_slice!$I$6+0.000000001,$B25>=_slice!$H$7-0.000000001,$B25<=_slice!$I$7+0.000000001,IF(01_因子設定!$B$20="Box-Behnken",J$15^2+$B25^2+_slice!$H$8<=2+0.000000001,TRUE())),_slice!J92,"外") -> 47.910739 | ... W25: =IF(AND(_slice!$H$5=1,W$15>=_slice!$H$6-0.000000001,W$15<=_slice!$I$6+0.000000001,$B25>=_slice!$H$7-0.000000001,$B25<=_slice!$I$7+0.000000001,IF(01_因子設定!$B$20="Box-Behnken",W$15^2+$B25^2+_slice!$H$8<=2+0.000000001,TRUE())),_slice!W92,"外") -> 48.119176
A26: =INDEX(01_因子設定!$G$5:$G$8,$C$5)+B26*INDEX(01_因子設定!$H$5:$H$8,$C$5) -> 31 | B26: 0.1 | C26: =IF(AND(_slice!$H$5=1,C$15>=_slice!$H$6-0.000000001,C$15<=_slice!$I$6+0.000000001,$B26>=_slice!$H$7-0.000000001,$B26<=_slice!$I$7+0.000000001,IF(01_因子設定!$B$20="Box-Behnken",C$15^2+$B26^2+_slice!$H$8<=2+0.000000001,TRUE())),_slice!C93,"外") -> 44.158594 | D26: =IF(AND(_slice!$H$5=1,D$15>=_slice!$H$6-0.000000001,D$15<=_slice!$I$6+0.000000001,$B26>=_slice!$H$7-0.000000001,$B26<=_slice!$I$7+0.000000001,IF(01_因子設定!$B$20="Box-Behnken",D$15^2+$B26^2+_slice!$H$8<=2+0.000000001,TRUE())),_slice!D93,"外") -> 44.834817 | E26: =IF(AND(_slice!$H$5=1,E$15>=_slice!$H$6-0.000000001,E$15<=_slice!$I$6+0.000000001,$B26>=_slice!$H$7-0.000000001,$B26<=_slice!$I$7+0.000000001,IF(01_因子設定!$B$20="Box-Behnken",E$15^2+$B26^2+_slice!$H$8<=2+0.000000001,TRUE())),_slice!E93,"外") -> 45.45939 | F26: =IF(AND(_slice!$H$5=1,F$15>=_slice!$H$6-0.000000001,F$15<=_slice!$I$6+0.000000001,$B26>=_slice!$H$7-0.000000001,$B26<=_slice!$I$7+0.000000001,IF(01_因子設定!$B$20="Box-Behnken",F$15^2+$B26^2+_slice!$H$8<=2+0.000000001,TRUE())),_slice!F93,"外") -> 46.032314 | G26: =IF(AND(_slice!$H$5=1,G$15>=_slice!$H$6-0.000000001,G$15<=_slice!$I$6+0.000000001,$B26>=_slice!$H$7-0.000000001,$B26<=_slice!$I$7+0.000000001,IF(01_因子設定!$B$20="Box-Behnken",G$15^2+$B26^2+_slice!$H$8<=2+0.000000001,TRUE())),_slice!G93,"外") -> 46.553588 | H26: =IF(AND(_slice!$H$5=1,H$15>=_slice!$H$6-0.000000001,H$15<=_slice!$I$6+0.000000001,$B26>=_slice!$H$7-0.000000001,$B26<=_slice!$I$7+0.000000001,IF(01_因子設定!$B$20="Box-Behnken",H$15^2+$B26^2+_slice!$H$8<=2+0.000000001,TRUE())),_slice!H93,"外") -> 47.023214 | I26: =IF(AND(_slice!$H$5=1,I$15>=_slice!$H$6-0.000000001,I$15<=_slice!$I$6+0.000000001,$B26>=_slice!$H$7-0.000000001,$B26<=_slice!$I$7+0.000000001,IF(01_因子設定!$B$20="Box-Behnken",I$15^2+$B26^2+_slice!$H$8<=2+0.000000001,TRUE())),_slice!I93,"外") -> 47.441191 | J26: =IF(AND(_slice!$H$5=1,J$15>=_slice!$H$6-0.000000001,J$15<=_slice!$I$6+0.000000001,$B26>=_slice!$H$7-0.000000001,$B26<=_slice!$I$7+0.000000001,IF(01_因子設定!$B$20="Box-Behnken",J$15^2+$B26^2+_slice!$H$8<=2+0.000000001,TRUE())),_slice!J93,"外") -> 47.807518 | ... W26: =IF(AND(_slice!$H$5=1,W$15>=_slice!$H$6-0.000000001,W$15<=_slice!$I$6+0.000000001,$B26>=_slice!$H$7-0.000000001,$B26<=_slice!$I$7+0.000000001,IF(01_因子設定!$B$20="Box-Behnken",W$15^2+$B26^2+_slice!$H$8<=2+0.000000001,TRUE())),_slice!W93,"外") -> 47.869705
A27: =INDEX(01_因子設定!$G$5:$G$8,$C$5)+B27*INDEX(01_因子設定!$H$5:$H$8,$C$5) -> 30 | B27: 0 | C27: =IF(AND(_slice!$H$5=1,C$15>=_slice!$H$6-0.000000001,C$15<=_slice!$I$6+0.000000001,$B27>=_slice!$H$7-0.000000001,$B27<=_slice!$I$7+0.000000001,IF(01_因子設定!$B$20="Box-Behnken",C$15^2+$B27^2+_slice!$H$8<=2+0.000000001,TRUE())),_slice!C94,"外") -> 44.082474 | D27: =IF(AND(_slice!$H$5=1,D$15>=_slice!$H$6-0.000000001,D$15<=_slice!$I$6+0.000000001,$B27>=_slice!$H$7-0.000000001,$B27<=_slice!$I$7+0.000000001,IF(01_因子設定!$B$20="Box-Behnken",D$15^2+$B27^2+_slice!$H$8<=2+0.000000001,TRUE())),_slice!D94,"外") -> 44.747447 | E27: =IF(AND(_slice!$H$5=1,E$15>=_slice!$H$6-0.000000001,E$15<=_slice!$I$6+0.000000001,$B27>=_slice!$H$7-0.000000001,$B27<=_slice!$I$7+0.000000001,IF(01_因子設定!$B$20="Box-Behnken",E$15^2+$B27^2+_slice!$H$8<=2+0.000000001,TRUE())),_slice!E94,"外") -> 45.36077 | F27: =IF(AND(_slice!$H$5=1,F$15>=_slice!$H$6-0.000000001,F$15<=_slice!$I$6+0.000000001,$B27>=_slice!$H$7-0.000000001,$B27<=_slice!$I$7+0.000000001,IF(01_因子設定!$B$20="Box-Behnken",F$15^2+$B27^2+_slice!$H$8<=2+0.000000001,TRUE())),_slice!F94,"外") -> 45.922444 | G27: =IF(AND(_slice!$H$5=1,G$15>=_slice!$H$6-0.000000001,G$15<=_slice!$I$6+0.000000001,$B27>=_slice!$H$7-0.000000001,$B27<=_slice!$I$7+0.000000001,IF(01_因子設定!$B$20="Box-Behnken",G$15^2+$B27^2+_slice!$H$8<=2+0.000000001,TRUE())),_slice!G94,"外") -> 46.432469 | H27: =IF(AND(_slice!$H$5=1,H$15>=_slice!$H$6-0.000000001,H$15<=_slice!$I$6+0.000000001,$B27>=_slice!$H$7-0.000000001,$B27<=_slice!$I$7+0.000000001,IF(01_因子設定!$B$20="Box-Behnken",H$15^2+$B27^2+_slice!$H$8<=2+0.000000001,TRUE())),_slice!H94,"外") -> 46.890844 | I27: =IF(AND(_slice!$H$5=1,I$15>=_slice!$H$6-0.000000001,I$15<=_slice!$I$6+0.000000001,$B27>=_slice!$H$7-0.000000001,$B27<=_slice!$I$7+0.000000001,IF(01_因子設定!$B$20="Box-Behnken",I$15^2+$B27^2+_slice!$H$8<=2+0.000000001,TRUE())),_slice!I94,"外") -> 47.297571 | J27: =IF(AND(_slice!$H$5=1,J$15>=_slice!$H$6-0.000000001,J$15<=_slice!$I$6+0.000000001,$B27>=_slice!$H$7-0.000000001,$B27<=_slice!$I$7+0.000000001,IF(01_因子設定!$B$20="Box-Behnken",J$15^2+$B27^2+_slice!$H$8<=2+0.000000001,TRUE())),_slice!J94,"外") -> 47.652648 | ... W27: =IF(AND(_slice!$H$5=1,W$15>=_slice!$H$6-0.000000001,W$15<=_slice!$I$6+0.000000001,$B27>=_slice!$H$7-0.000000001,$B27<=_slice!$I$7+0.000000001,IF(01_因子設定!$B$20="Box-Behnken",W$15^2+$B27^2+_slice!$H$8<=2+0.000000001,TRUE())),_slice!W94,"外") -> 47.568586
A28: =INDEX(01_因子設定!$G$5:$G$8,$C$5)+B28*INDEX(01_因子設定!$H$5:$H$8,$C$5) -> 29 | B28: -0.1 | C28: =IF(AND(_slice!$H$5=1,C$15>=_slice!$H$6-0.000000001,C$15<=_slice!$I$6+0.000000001,$B28>=_slice!$H$7-0.000000001,$B28<=_slice!$I$7+0.000000001,IF(01_因子設定!$B$20="Box-Behnken",C$15^2+$B28^2+_slice!$H$8<=2+0.000000001,TRUE())),_slice!C95,"外") -> 43.954705 | D28: =IF(AND(_slice!$H$5=1,D$15>=_slice!$H$6-0.000000001,D$15<=_slice!$I$6+0.000000001,$B28>=_slice!$H$7-0.000000001,$B28<=_slice!$I$7+0.000000001,IF(01_因子設定!$B$20="Box-Behnken",D$15^2+$B28^2+_slice!$H$8<=2+0.000000001,TRUE())),_slice!D95,"外") -> 44.608428 | E28: =IF(AND(_slice!$H$5=1,E$15>=_slice!$H$6-0.000000001,E$15<=_slice!$I$6+0.000000001,$B28>=_slice!$H$7-0.000000001,$B28<=_slice!$I$7+0.000000001,IF(01_因子設定!$B$20="Box-Behnken",E$15^2+$B28^2+_slice!$H$8<=2+0.000000001,TRUE())),_slice!E95,"外") -> 45.210501 | F28: =IF(AND(_slice!$H$5=1,F$15>=_slice!$H$6-0.000000001,F$15<=_slice!$I$6+0.000000001,$B28>=_slice!$H$7-0.000000001,$B28<=_slice!$I$7+0.000000001,IF(01_因子設定!$B$20="Box-Behnken",F$15^2+$B28^2+_slice!$H$8<=2+0.000000001,TRUE())),_slice!F95,"外") -> 45.760925 | G28: =IF(AND(_slice!$H$5=1,G$15>=_slice!$H$6-0.000000001,G$15<=_slice!$I$6+0.000000001,$B28>=_slice!$H$7-0.000000001,$B28<=_slice!$I$7+0.000000001,IF(01_因子設定!$B$20="Box-Behnken",G$15^2+$B28^2+_slice!$H$8<=2+0.000000001,TRUE())),_slice!G95,"外") -> 46.2597 | H28: =IF(AND(_slice!$H$5=1,H$15>=_slice!$H$6-0.000000001,H$15<=_slice!$I$6+0.000000001,$B28>=_slice!$H$7-0.000000001,$B28<=_slice!$I$7+0.000000001,IF(01_因子設定!$B$20="Box-Behnken",H$15^2+$B28^2+_slice!$H$8<=2+0.000000001,TRUE())),_slice!H95,"外") -> 46.706825 | I28: =IF(AND(_slice!$H$5=1,I$15>=_slice!$H$6-0.000000001,I$15<=_slice!$I$6+0.000000001,$B28>=_slice!$H$7-0.000000001,$B28<=_slice!$I$7+0.000000001,IF(01_因子設定!$B$20="Box-Behnken",I$15^2+$B28^2+_slice!$H$8<=2+0.000000001,TRUE())),_slice!I95,"外") -> 47.102302 | J28: =IF(AND(_slice!$H$5=1,J$15>=_slice!$H$6-0.000000001,J$15<=_slice!$I$6+0.000000001,$B28>=_slice!$H$7-0.000000001,$B28<=_slice!$I$7+0.000000001,IF(01_因子設定!$B$20="Box-Behnken",J$15^2+$B28^2+_slice!$H$8<=2+0.000000001,TRUE())),_slice!J95,"外") -> 47.446129 | ... W28: =IF(AND(_slice!$H$5=1,W$15>=_slice!$H$6-0.000000001,W$15<=_slice!$I$6+0.000000001,$B28>=_slice!$H$7-0.000000001,$B28<=_slice!$I$7+0.000000001,IF(01_因子設定!$B$20="Box-Behnken",W$15^2+$B28^2+_slice!$H$8<=2+0.000000001,TRUE())),_slice!W95,"外") -> 47.215817
... A37: =INDEX(01_因子設定!$G$5:$G$8,$C$5)+B37*INDEX(01_因子設定!$H$5:$H$8,$C$5) -> 20 | B37: -1 | C37: =IF(AND(_slice!$H$5=1,C$15>=_slice!$H$6-0.000000001,C$15<=_slice!$I$6+0.000000001,$B37>=_slice!$H$7-0.000000001,$B37<=_slice!$I$7+0.000000001,IF(01_因子設定!$B$20="Box-Behnken",C$15^2+$B37^2+_slice!$H$8<=2+0.000000001,TRUE())),_slice!C104,"外") -> 40.480574 | D37: =IF(AND(_slice!$H$5=1,D$15>=_slice!$H$6-0.000000001,D$15<=_slice!$I$6+0.000000001,$B37>=_slice!$H$7-0.000000001,$B37<=_slice!$I$7+0.000000001,IF(01_因子設定!$B$20="Box-Behnken",D$15^2+$B37^2+_slice!$H$8<=2+0.000000001,TRUE())),_slice!D104,"外") -> 41.033046 | E37: =IF(AND(_slice!$H$5=1,E$15>=_slice!$H$6-0.000000001,E$15<=_slice!$I$6+0.000000001,$B37>=_slice!$H$7-0.000000001,$B37<=_slice!$I$7+0.000000001,IF(01_因子設定!$B$20="Box-Behnken",E$15^2+$B37^2+_slice!$H$8<=2+0.000000001,TRUE())),_slice!E104,"外") -> 41.533869 | F37: =IF(AND(_slice!$H$5=1,F$15>=_slice!$H$6-0.000000001,F$15<=_slice!$I$6+0.000000001,$B37>=_slice!$H$7-0.000000001,$B37<=_slice!$I$7+0.000000001,IF(01_因子設定!$B$20="Box-Behnken",F$15^2+$B37^2+_slice!$H$8<=2+0.000000001,TRUE())),_slice!F104,"外") -> 41.983043 | G37: =IF(AND(_slice!$H$5=1,G$15>=_slice!$H$6-0.000000001,G$15<=_slice!$I$6+0.000000001,$B37>=_slice!$H$7-0.000000001,$B37<=_slice!$I$7+0.000000001,IF(01_因子設定!$B$20="Box-Behnken",G$15^2+$B37^2+_slice!$H$8<=2+0.000000001,TRUE())),_slice!G104,"外") -> 42.380568 | H37: =IF(AND(_slice!$H$5=1,H$15>=_slice!$H$6-0.000000001,H$15<=_slice!$I$6+0.000000001,$B37>=_slice!$H$7-0.000000001,$B37<=_slice!$I$7+0.000000001,IF(01_因子設定!$B$20="Box-Behnken",H$15^2+$B37^2+_slice!$H$8<=2+0.000000001,TRUE())),_slice!H104,"外") -> 42.726444 | I37: =IF(AND(_slice!$H$5=1,I$15>=_slice!$H$6-0.000000001,I$15<=_slice!$I$6+0.000000001,$B37>=_slice!$H$7-0.000000001,$B37<=_slice!$I$7+0.000000001,IF(01_因子設定!$B$20="Box-Behnken",I$15^2+$B37^2+_slice!$H$8<=2+0.000000001,TRUE())),_slice!I104,"外") -> 43.02067 | J37: =IF(AND(_slice!$H$5=1,J$15>=_slice!$H$6-0.000000001,J$15<=_slice!$I$6+0.000000001,$B37>=_slice!$H$7-0.000000001,$B37<=_slice!$I$7+0.000000001,IF(01_因子設定!$B$20="Box-Behnken",J$15^2+$B37^2+_slice!$H$8<=2+0.000000001,TRUE())),_slice!J104,"外") -> 43.263248 | ... W37: =IF(AND(_slice!$H$5=1,W$15>=_slice!$H$6-0.000000001,W$15<=_slice!$I$6+0.000000001,$B37>=_slice!$H$7-0.000000001,$B37<=_slice!$I$7+0.000000001,IF(01_因子設定!$B$20="Box-Behnken",W$15^2+$B37^2+_slice!$H$8<=2+0.000000001,TRUE())),_slice!W104,"外") -> 41.716685
A40: ② 規格への余裕（予測限界ベース） 緑＝工程窓（余裕≧0）／赤＝規格外のおそれ／外＝安全限界・領域外
A41: 縦↓ 実値 | B41: コード | C41: -1 | D41: -0.9 | E41: -0.8 | F41: -0.7 | G41: -0.6 | H41: -0.5 | I41: -0.4 | J41: -0.3 | K41: -0.2 | L41: -0.1 | M41: 0 | N41: 0.1 | O41: 0.2 | P41: 0.3 | Q41: 0.4 | R41: 0.5 | S41: 0.6 | T41: 0.7 | U41: 0.8 | V41: 0.9 | W41: 1
A42: ="縦↓ "&$D$5 -> 縦↓ 乾燥時間[min] | B42: ="横→ "&$D$4 -> 横→ 炉温[℃] | C42: =INDEX(01_因子設定!$G$5:$G$8,$C$4)+C41*INDEX(01_因子設定!$H$5:$H$8,$C$4) -> 55 | D42: =INDEX(01_因子設定!$G$5:$G$8,$C$4)+D41*INDEX(01_因子設定!$H$5:$H$8,$C$4) -> 56 | E42: =INDEX(01_因子設定!$G$5:$G$8,$C$4)+E41*INDEX(01_因子設定!$H$5:$H$8,$C$4) -> 57 | F42: =INDEX(01_因子設定!$G$5:$G$8,$C$4)+F41*INDEX(01_因子設定!$H$5:$H$8,$C$4) -> 58 | G42: =INDEX(01_因子設定!$G$5:$G$8,$C$4)+G41*INDEX(01_因子設定!$H$5:$H$8,$C$4) -> 59 | H42: =INDEX(01_因子設定!$G$5:$G$8,$C$4)+H41*INDEX(01_因子設定!$H$5:$H$8,$C$4) -> 60 | I42: =INDEX(01_因子設定!$G$5:$G$8,$C$4)+I41*INDEX(01_因子設定!$H$5:$H$8,$C$4) -> 61 | J42: =INDEX(01_因子設定!$G$5:$G$8,$C$4)+J41*INDEX(01_因子設定!$H$5:$H$8,$C$4) -> 62 | ... W42: =INDEX(01_因子設定!$G$5:$G$8,$C$4)+W41*INDEX(01_因子設定!$H$5:$H$8,$C$4) -> 75
A43: =INDEX(01_因子設定!$G$5:$G$8,$C$5)+B43*INDEX(01_因子設定!$H$5:$H$8,$C$5) -> 40 | B43: 1 | C43: =IF(AND(_slice!$H$5=1,C$41>=_slice!$H$6-0.000000001,C$41<=_slice!$I$6+0.000000001,$B43>=_slice!$H$7-0.000000001,$B43<=_slice!$I$7+0.000000001,IF(01_因子設定!$B$20="Box-Behnken",C$41^2+$B43^2+_slice!$H$8<=2+0.000000001,TRUE())),IF(01_因子設定!$B$13="最大化",(_slice!C84-04_回帰ANOVA!$K$19*04_回帰ANOVA!$K$14*SQRT(1+_slice!C109))-01_因子設定!$B$14,IF(01_因子設定!$B$13="最小化",01_因子設定!$B$15-(_slice!C84+04_回帰ANOVA!$K$19*04_回帰ANOVA!$K$14*SQRT(1+_slice!C109)),MIN((_slice!C84-04_回帰ANOVA!$K$19*04_回帰ANOVA!$K$14*SQRT(1+_slice!C109))-01_因子設定!$B$14,01_因子設定!$B$15-(_slice!C84+04_回帰ANOVA!$K$19*04_回帰ANOVA!$K$14*SQRT(1+_slice!C109))))),"外") -> -5.6202532 | D43: =IF(AND(_slice!$H$5=1,D$41>=_slice!$H$6-0.000000001,D$41<=_slice!$I$6+0.000000001,$B43>=_slice!$H$7-0.000000001,$B43<=_slice!$I$7+0.000000001,IF(01_因子設定!$B$20="Box-Behnken",D$41^2+$B43^2+_slice!$H$8<=2+0.000000001,TRUE())),IF(01_因子設定!$B$13="最大化",(_slice!D84-04_回帰ANOVA!$K$19*04_回帰ANOVA!$K$14*SQRT(1+_slice!D109))-01_因子設定!$B$14,IF(01_因子設定!$B$13="最小化",01_因子設定!$B$15-(_slice!D84+04_回帰ANOVA!$K$19*04_回帰ANOVA!$K$14*SQRT(1+_slice!D109)),MIN((_slice!D84-04_回帰ANOVA!$K$19*04_回帰ANOVA!$K$14*SQRT(1+_slice!D109))-01_因子設定!$B$14,01_因子設定!$B$15-(_slice!D84+04_回帰ANOVA!$K$19*04_回帰ANOVA!$K$14*SQRT(1+_slice!D109))))),"外") -> -4.7975496 | E43: =IF(AND(_slice!$H$5=1,E$41>=_slice!$H$6-0.000000001,E$41<=_slice!$I$6+0.000000001,$B43>=_slice!$H$7-0.000000001,$B43<=_slice!$I$7+0.000000001,IF(01_因子設定!$B$20="Box-Behnken",E$41^2+$B43^2+_slice!$H$8<=2+0.000000001,TRUE())),IF(01_因子設定!$B$13="最大化",(_slice!E84-04_回帰ANOVA!$K$19*04_回帰ANOVA!$K$14*SQRT(1+_slice!E109))-01_因子設定!$B$14,IF(01_因子設定!$B$13="最小化",01_因子設定!$B$15-(_slice!E84+04_回帰ANOVA!$K$19*04_回帰ANOVA!$K$14*SQRT(1+_slice!E109)),MIN((_slice!E84-04_回帰ANOVA!$K$19*04_回帰ANOVA!$K$14*SQRT(1+_slice!E109))-01_因子設定!$B$14,01_因子設定!$B$15-(_slice!E84+04_回帰ANOVA!$K$19*04_回帰ANOVA!$K$14*SQRT(1+_slice!E109))))),"外") -> -4.0430085 | F43: =IF(AND(_slice!$H$5=1,F$41>=_slice!$H$6-0.000000001,F$41<=_slice!$I$6+0.000000001,$B43>=_slice!$H$7-0.000000001,$B43<=_slice!$I$7+0.000000001,IF(01_因子設定!$B$20="Box-Behnken",F$41^2+$B43^2+_slice!$H$8<=2+0.000000001,TRUE())),IF(01_因子設定!$B$13="最大化",(_slice!F84-04_回帰ANOVA!$K$19*04_回帰ANOVA!$K$14*SQRT(1+_slice!F109))-01_因子設定!$B$14,IF(01_因子設定!$B$13="最小化",01_因子設定!$B$15-(_slice!F84+04_回帰ANOVA!$K$19*04_回帰ANOVA!$K$14*SQRT(1+_slice!F109)),MIN((_slice!F84-04_回帰ANOVA!$K$19*04_回帰ANOVA!$K$14*SQRT(1+_slice!F109))-01_因子設定!$B$14,01_因子設定!$B$15-(_slice!F84+04_回帰ANOVA!$K$19*04_回帰ANOVA!$K$14*SQRT(1+_slice!F109))))),"外") -> -3.3532364 | G43: =IF(AND(_slice!$H$5=1,G$41>=_slice!$H$6-0.000000001,G$41<=_slice!$I$6+0.000000001,$B43>=_slice!$H$7-0.000000001,$B43<=_slice!$I$7+0.000000001,IF(01_因子設定!$B$20="Box-Behnken",G$41^2+$B43^2+_slice!$H$8<=2+0.000000001,TRUE())),IF(01_因子設定!$B$13="最大化",(_slice!G84-04_回帰ANOVA!$K$19*04_回帰ANOVA!$K$14*SQRT(1+_slice!G109))-01_因子設定!$B$14,IF(01_因子設定!$B$13="最小化",01_因子設定!$B$15-(_slice!G84+04_回帰ANOVA!$K$19*04_回帰ANOVA!$K$14*SQRT(1+_slice!G109)),MIN((_slice!G84-04_回帰ANOVA!$K$19*04_回帰ANOVA!$K$14*SQRT(1+_slice!G109))-01_因子設定!$B$14,01_因子設定!$B$15-(_slice!G84+04_回帰ANOVA!$K$19*04_回帰ANOVA!$K$14*SQRT(1+_slice!G109))))),"外") -> -2.724813 | H43: =IF(AND(_slice!$H$5=1,H$41>=_slice!$H$6-0.000000001,H$41<=_slice!$I$6+0.000000001,$B43>=_slice!$H$7-0.000000001,$B43<=_slice!$I$7+0.000000001,IF(01_因子設定!$B$20="Box-Behnken",H$41^2+$B43^2+_slice!$H$8<=2+0.000000001,TRUE())),IF(01_因子設定!$B$13="最大化",(_slice!H84-04_回帰ANOVA!$K$19*04_回帰ANOVA!$K$14*SQRT(1+_slice!H109))-01_因子設定!$B$14,IF(01_因子設定!$B$13="最小化",01_因子設定!$B$15-(_slice!H84+04_回帰ANOVA!$K$19*04_回帰ANOVA!$K$14*SQRT(1+_slice!H109)),MIN((_slice!H84-04_回帰ANOVA!$K$19*04_回帰ANOVA!$K$14*SQRT(1+_slice!H109))-01_因子設定!$B$14,01_因子設定!$B$15-(_slice!H84+04_回帰ANOVA!$K$19*04_回帰ANOVA!$K$14*SQRT(1+_slice!H109))))),"外") -> -2.1545419 | I43: =IF(AND(_slice!$H$5=1,I$41>=_slice!$H$6-0.000000001,I$41<=_slice!$I$6+0.000000001,$B43>=_slice!$H$7-0.000000001,$B43<=_slice!$I$7+0.000000001,IF(01_因子設定!$B$20="Box-Behnken",I$41^2+$B43^2+_slice!$H$8<=2+0.000000001,TRUE())),IF(01_因子設定!$B$13="最大化",(_slice!I84-04_回帰ANOVA!$K$19*04_回帰ANOVA!$K$14*SQRT(1+_slice!I109))-01_因子設定!$B$14,IF(01_因子設定!$B$13="最小化",01_因子設定!$B$15-(_slice!I84+04_回帰ANOVA!$K$19*04_回帰ANOVA!$K$14*SQRT(1+_slice!I109)),MIN((_slice!I84-04_回帰ANOVA!$K$19*04_回帰ANOVA!$K$14*SQRT(1+_slice!I109))-01_因子設定!$B$14,01_因子設定!$B$15-(_slice!I84+04_回帰ANOVA!$K$19*04_回帰ANOVA!$K$14*SQRT(1+_slice!I109))))),"外") -> -1.6396241 | J43: =IF(AND(_slice!$H$5=1,J$41>=_slice!$H$6-0.000000001,J$41<=_slice!$I$6+0.000000001,$B43>=_slice!$H$7-0.000000001,$B43<=_slice!$I$7+0.000000001,IF(01_因子設定!$B$20="Box-Behnken",J$41^2+$B43^2+_slice!$H$8<=2+0.000000001,TRUE())),IF(01_因子設定!$B$13="最大化",(_slice!J84-04_回帰ANOVA!$K$19*04_回帰ANOVA!$K$14*SQRT(1+_slice!J109))-01_因子設定!$B$14,IF(01_因子設定!$B$13="最小化",01_因子設定!$B$15-(_slice!J84+04_回帰ANOVA!$K$19*04_回帰ANOVA!$K$14*SQRT(1+_slice!J109)),MIN((_slice!J84-04_回帰ANOVA!$K$19*04_回帰ANOVA!$K$14*SQRT(1+_slice!J109))-01_因子設定!$B$14,01_因子設定!$B$15-(_slice!J84+04_回帰ANOVA!$K$19*04_回帰ANOVA!$K$14*SQRT(1+_slice!J109))))),"外") -> -1.1777531 | ... W43: =IF(AND(_slice!$H$5=1,W$41>=_slice!$H$6-0.000000001,W$41<=_slice!$I$6+0.000000001,$B43>=_slice!$H$7-0.000000001,$B43<=_slice!$I$7+0.000000001,IF(01_因子設定!$B$20="Box-Behnken",W$41^2+$B43^2+_slice!$H$8<=2+0.000000001,TRUE())),IF(01_因子設定!$B$13="最大化",(_slice!W84-04_回帰ANOVA!$K$19*04_回帰ANOVA!$K$14*SQRT(1+_slice!W109))-01_因子設定!$B$14,IF(01_因子設定!$B$13="最小化",01_因子設定!$B$15-(_slice!W84+04_回帰ANOVA!$K$19*04_回帰ANOVA!$K$14*SQRT(1+_slice!W109)),MIN((_slice!W84-04_回帰ANOVA!$K$19*04_回帰ANOVA!$K$14*SQRT(1+_slice!W109))-01_因子設定!$B$14,01_因子設定!$B$15-(_slice!W84+04_回帰ANOVA!$K$19*04_回帰ANOVA!$K$14*SQRT(1+_slice!W109))))),"外") -> 0.11585788
A44: =INDEX(01_因子設定!$G$5:$G$8,$C$5)+B44*INDEX(01_因子設定!$H$5:$H$8,$C$5) -> 39 | B44: 0.9 | C44: =IF(AND(_slice!$H$5=1,C$41>=_slice!$H$6-0.000000001,C$41<=_slice!$I$6+0.000000001,$B44>=_slice!$H$7-0.000000001,$B44<=_slice!$I$7+0.000000001,IF(01_因子設定!$B$20="Box-Behnken",C$41^2+$B44^2+_slice!$H$8<=2+0.000000001,TRUE())),IF(01_因子設定!$B$13="最大化",(_slice!C85-04_回帰ANOVA!$K$19*04_回帰ANOVA!$K$14*SQRT(1+_slice!C110))-01_因子設定!$B$14,IF(01_因子設定!$B$13="最小化",01_因子設定!$B$15-(_slice!C85+04_回帰ANOVA!$K$19*04_回帰ANOVA!$K$14*SQRT(1+_slice!C110)),MIN((_slice!C85-04_回帰ANOVA!$K$19*04_回帰ANOVA!$K$14*SQRT(1+_slice!C110))-01_因子設定!$B$14,01_因子設定!$B$15-(_slice!C85+04_回帰ANOVA!$K$19*04_回帰ANOVA!$K$14*SQRT(1+_slice!C110))))),"外") -> -5.1862996 | D44: =IF(AND(_slice!$H$5=1,D$41>=_slice!$H$6-0.000000001,D$41<=_slice!$I$6+0.000000001,$B44>=_slice!$H$7-0.000000001,$B44<=_slice!$I$7+0.000000001,IF(01_因子設定!$B$20="Box-Behnken",D$41^2+$B44^2+_slice!$H$8<=2+0.000000001,TRUE())),IF(01_因子設定!$B$13="最大化",(_slice!D85-04_回帰ANOVA!$K$19*04_回帰ANOVA!$K$14*SQRT(1+_slice!D110))-01_因子設定!$B$14,IF(01_因子設定!$B$13="最小化",01_因子設定!$B$15-(_slice!D85+04_回帰ANOVA!$K$19*04_回帰ANOVA!$K$14*SQRT(1+_slice!D110)),MIN((_slice!D85-04_回帰ANOVA!$K$19*04_回帰ANOVA!$K$14*SQRT(1+_slice!D110))-01_因子設定!$B$14,01_因子設定!$B$15-(_slice!D85+04_回帰ANOVA!$K$19*04_回帰ANOVA!$K$14*SQRT(1+_slice!D110))))),"外") -> -4.3702412 | E44: =IF(AND(_slice!$H$5=1,E$41>=_slice!$H$6-0.000000001,E$41<=_slice!$I$6+0.000000001,$B44>=_slice!$H$7-0.000000001,$B44<=_slice!$I$7+0.000000001,IF(01_因子設定!$B$20="Box-Behnken",E$41^2+$B44^2+_slice!$H$8<=2+0.000000001,TRUE())),IF(01_因子設定!$B$13="最大化",(_slice!E85-04_回帰ANOVA!$K$19*04_回帰ANOVA!$K$14*SQRT(1+_slice!E110))-01_因子設定!$B$14,IF(01_因子設定!$B$13="最小化",01_因子設定!$B$15-(_slice!E85+04_回帰ANOVA!$K$19*04_回帰ANOVA!$K$14*SQRT(1+_slice!E110)),MIN((_slice!E85-04_回帰ANOVA!$K$19*04_回帰ANOVA!$K$14*SQRT(1+_slice!E110))-01_因子設定!$B$14,01_因子設定!$B$15-(_slice!E85+04_回帰ANOVA!$K$19*04_回帰ANOVA!$K$14*SQRT(1+_slice!E110))))),"外") -> -3.6230039 | F44: =IF(AND(_slice!$H$5=1,F$41>=_slice!$H$6-0.000000001,F$41<=_slice!$I$6+0.000000001,$B44>=_slice!$H$7-0.000000001,$B44<=_slice!$I$7+0.000000001,IF(01_因子設定!$B$20="Box-Behnken",F$41^2+$B44^2+_slice!$H$8<=2+0.000000001,TRUE())),IF(01_因子設定!$B$13="最大化",(_slice!F85-04_回帰ANOVA!$K$19*04_回帰ANOVA!$K$14*SQRT(1+_slice!F110))-01_因子設定!$B$14,IF(01_因子設定!$B$13="最小化",01_因子設定!$B$15-(_slice!F85+04_回帰ANOVA!$K$19*04_回帰ANOVA!$K$14*SQRT(1+_slice!F110)),MIN((_slice!F85-04_回帰ANOVA!$K$19*04_回帰ANOVA!$K$14*SQRT(1+_slice!F110))-01_因子設定!$B$14,01_因子設定!$B$15-(_slice!F85+04_回帰ANOVA!$K$19*04_回帰ANOVA!$K$14*SQRT(1+_slice!F110))))),"外") -> -2.9412388 | G44: =IF(AND(_slice!$H$5=1,G$41>=_slice!$H$6-0.000000001,G$41<=_slice!$I$6+0.000000001,$B44>=_slice!$H$7-0.000000001,$B44<=_slice!$I$7+0.000000001,IF(01_因子設定!$B$20="Box-Behnken",G$41^2+$B44^2+_slice!$H$8<=2+0.000000001,TRUE())),IF(01_因子設定!$B$13="最大化",(_slice!G85-04_回帰ANOVA!$K$19*04_回帰ANOVA!$K$14*SQRT(1+_slice!G110))-01_因子設定!$B$14,IF(01_因子設定!$B$13="最小化",01_因子設定!$B$15-(_slice!G85+04_回帰ANOVA!$K$19*04_回帰ANOVA!$K$14*SQRT(1+_slice!G110)),MIN((_slice!G85-04_回帰ANOVA!$K$19*04_回帰ANOVA!$K$14*SQRT(1+_slice!G110))-01_因子設定!$B$14,01_因子設定!$B$15-(_slice!G85+04_回帰ANOVA!$K$19*04_回帰ANOVA!$K$14*SQRT(1+_slice!G110))))),"外") -> -2.3215011 | H44: =IF(AND(_slice!$H$5=1,H$41>=_slice!$H$6-0.000000001,H$41<=_slice!$I$6+0.000000001,$B44>=_slice!$H$7-0.000000001,$B44<=_slice!$I$7+0.000000001,IF(01_因子設定!$B$20="Box-Behnken",H$41^2+$B44^2+_slice!$H$8<=2+0.000000001,TRUE())),IF(01_因子設定!$B$13="最大化",(_slice!H85-04_回帰ANOVA!$K$19*04_回帰ANOVA!$K$14*SQRT(1+_slice!H110))-01_因子設定!$B$14,IF(01_因子設定!$B$13="最小化",01_因子設定!$B$15-(_slice!H85+04_回帰ANOVA!$K$19*04_回帰ANOVA!$K$14*SQRT(1+_slice!H110)),MIN((_slice!H85-04_回帰ANOVA!$K$19*04_回帰ANOVA!$K$14*SQRT(1+_slice!H110))-01_因子設定!$B$14,01_因子設定!$B$15-(_slice!H85+04_回帰ANOVA!$K$19*04_回帰ANOVA!$K$14*SQRT(1+_slice!H110))))),"外") -> -1.7605237 | I44: =IF(AND(_slice!$H$5=1,I$41>=_slice!$H$6-0.000000001,I$41<=_slice!$I$6+0.000000001,$B44>=_slice!$H$7-0.000000001,$B44<=_slice!$I$7+0.000000001,IF(01_因子設定!$B$20="Box-Behnken",I$41^2+$B44^2+_slice!$H$8<=2+0.000000001,TRUE())),IF(01_因子設定!$B$13="最大化",(_slice!I85-04_回帰ANOVA!$K$19*04_回帰ANOVA!$K$14*SQRT(1+_slice!I110))-01_因子設定!$B$14,IF(01_因子設定!$B$13="最小化",01_因子設定!$B$15-(_slice!I85+04_回帰ANOVA!$K$19*04_回帰ANOVA!$K$14*SQRT(1+_slice!I110)),MIN((_slice!I85-04_回帰ANOVA!$K$19*04_回帰ANOVA!$K$14*SQRT(1+_slice!I110))-01_因子設定!$B$14,01_因子設定!$B$15-(_slice!I85+04_回帰ANOVA!$K$19*04_回帰ANOVA!$K$14*SQRT(1+_slice!I110))))),"外") -> -1.2554167 | J44: =IF(AND(_slice!$H$5=1,J$41>=_slice!$H$6-0.000000001,J$41<=_slice!$I$6+0.000000001,$B44>=_slice!$H$7-0.000000001,$B44<=_slice!$I$7+0.000000001,IF(01_因子設定!$B$20="Box-Behnken",J$41^2+$B44^2+_slice!$H$8<=2+0.000000001,TRUE())),IF(01_因子設定!$B$13="最大化",(_slice!J85-04_回帰ANOVA!$K$19*04_回帰ANOVA!$K$14*SQRT(1+_slice!J110))-01_因子設定!$B$14,IF(01_因子設定!$B$13="最小化",01_因子設定!$B$15-(_slice!J85+04_回帰ANOVA!$K$19*04_回帰ANOVA!$K$14*SQRT(1+_slice!J110)),MIN((_slice!J85-04_回帰ANOVA!$K$19*04_回帰ANOVA!$K$14*SQRT(1+_slice!J110))-01_因子設定!$B$14,01_因子設定!$B$15-(_slice!J85+04_回帰ANOVA!$K$19*04_回帰ANOVA!$K$14*SQRT(1+_slice!J110))))),"外") -> -0.80378248 | ... W44: =IF(AND(_slice!$H$5=1,W$41>=_slice!$H$6-0.000000001,W$41<=_slice!$I$6+0.000000001,$B44>=_slice!$H$7-0.000000001,$B44<=_slice!$I$7+0.000000001,IF(01_因子設定!$B$20="Box-Behnken",W$41^2+$B44^2+_slice!$H$8<=2+0.000000001,TRUE())),IF(01_因子設定!$B$13="最大化",(_slice!W85-04_回帰ANOVA!$K$19*04_回帰ANOVA!$K$14*SQRT(1+_slice!W110))-01_因子設定!$B$14,IF(01_因子設定!$B$13="最小化",01_因子設定!$B$15-(_slice!W85+04_回帰ANOVA!$K$19*04_回帰ANOVA!$K$14*SQRT(1+_slice!W110)),MIN((_slice!W85-04_回帰ANOVA!$K$19*04_回帰ANOVA!$K$14*SQRT(1+_slice!W110))-01_因子設定!$B$14,01_因子設定!$B$15-(_slice!W85+04_回帰ANOVA!$K$19*04_回帰ANOVA!$K$14*SQRT(1+_slice!W110))))),"外") -> 0.3248115
A45: =INDEX(01_因子設定!$G$5:$G$8,$C$5)+B45*INDEX(01_因子設定!$H$5:$H$8,$C$5) -> 38 | B45: 0.8 | C45: =IF(AND(_slice!$H$5=1,C$41>=_slice!$H$6-0.000000001,C$41<=_slice!$I$6+0.000000001,$B45>=_slice!$H$7-0.000000001,$B45<=_slice!$I$7+0.000000001,IF(01_因子設定!$B$20="Box-Behnken",C$41^2+$B45^2+_slice!$H$8<=2+0.000000001,TRUE())),IF(01_因子設定!$B$13="最大化",(_slice!C86-04_回帰ANOVA!$K$19*04_回帰ANOVA!$K$14*SQRT(1+_slice!C111))-01_因子設定!$B$14,IF(01_因子設定!$B$13="最小化",01_因子設定!$B$15-(_slice!C86+04_回帰ANOVA!$K$19*04_回帰ANOVA!$K$14*SQRT(1+_slice!C111)),MIN((_slice!C86-04_回帰ANOVA!$K$19*04_回帰ANOVA!$K$14*SQRT(1+_slice!C111))-01_因子設定!$B$14,01_因子設定!$B$15-(_slice!C86+04_回帰ANOVA!$K$19*04_回帰ANOVA!$K$14*SQRT(1+_slice!C111))))),"外") -> -4.8205085 | D45: =IF(AND(_slice!$H$5=1,D$41>=_slice!$H$6-0.000000001,D$41<=_slice!$I$6+0.000000001,$B45>=_slice!$H$7-0.000000001,$B45<=_slice!$I$7+0.000000001,IF(01_因子設定!$B$20="Box-Behnken",D$41^2+$B45^2+_slice!$H$8<=2+0.000000001,TRUE())),IF(01_因子設定!$B$13="最大化",(_slice!D86-04_回帰ANOVA!$K$19*04_回帰ANOVA!$K$14*SQRT(1+_slice!D111))-01_因子設定!$B$14,IF(01_因子設定!$B$13="最小化",01_因子設定!$B$15-(_slice!D86+04_回帰ANOVA!$K$19*04_回帰ANOVA!$K$14*SQRT(1+_slice!D111)),MIN((_slice!D86-04_回帰ANOVA!$K$19*04_回帰ANOVA!$K$14*SQRT(1+_slice!D111))-01_因子設定!$B$14,01_因子設定!$B$15-(_slice!D86+04_回帰ANOVA!$K$19*04_回帰ANOVA!$K$14*SQRT(1+_slice!D111))))),"外") -> -4.0117539 | E45: =IF(AND(_slice!$H$5=1,E$41>=_slice!$H$6-0.000000001,E$41<=_slice!$I$6+0.000000001,$B45>=_slice!$H$7-0.000000001,$B45<=_slice!$I$7+0.000000001,IF(01_因子設定!$B$20="Box-Behnken",E$41^2+$B45^2+_slice!$H$8<=2+0.000000001,TRUE())),IF(01_因子設定!$B$13="最大化",(_slice!E86-04_回帰ANOVA!$K$19*04_回帰ANOVA!$K$14*SQRT(1+_slice!E111))-01_因子設定!$B$14,IF(01_因子設定!$B$13="最小化",01_因子設定!$B$15-(_slice!E86+04_回帰ANOVA!$K$19*04_回帰ANOVA!$K$14*SQRT(1+_slice!E111)),MIN((_slice!E86-04_回帰ANOVA!$K$19*04_回帰ANOVA!$K$14*SQRT(1+_slice!E111))-01_因子設定!$B$14,01_因子設定!$B$15-(_slice!E86+04_回帰ANOVA!$K$19*04_回帰ANOVA!$K$14*SQRT(1+_slice!E111))))),"外") -> -3.2722935 | F45: =IF(AND(_slice!$H$5=1,F$41>=_slice!$H$6-0.000000001,F$41<=_slice!$I$6+0.000000001,$B45>=_slice!$H$7-0.000000001,$B45<=_slice!$I$7+0.000000001,IF(01_因子設定!$B$20="Box-Behnken",F$41^2+$B45^2+_slice!$H$8<=2+0.000000001,TRUE())),IF(01_因子設定!$B$13="最大化",(_slice!F86-04_回帰ANOVA!$K$19*04_回帰ANOVA!$K$14*SQRT(1+_slice!F111))-01_因子設定!$B$14,IF(01_因子設定!$B$13="最小化",01_因子設定!$B$15-(_slice!F86+04_回帰ANOVA!$K$19*04_回帰ANOVA!$K$14*SQRT(1+_slice!F111)),MIN((_slice!F86-04_回帰ANOVA!$K$19*04_回帰ANOVA!$K$14*SQRT(1+_slice!F111))-01_因子設定!$B$14,01_因子設定!$B$15-(_slice!F86+04_回帰ANOVA!$K$19*04_回帰ANOVA!$K$14*SQRT(1+_slice!F111))))),"外") -> -2.5988465 | G45: =IF(AND(_slice!$H$5=1,G$41>=_slice!$H$6-0.000000001,G$41<=_slice!$I$6+0.000000001,$B45>=_slice!$H$7-0.000000001,$B45<=_slice!$I$7+0.000000001,IF(01_因子設定!$B$20="Box-Behnken",G$41^2+$B45^2+_slice!$H$8<=2+0.000000001,TRUE())),IF(01_因子設定!$B$13="最大化",(_slice!G86-04_回帰ANOVA!$K$19*04_回帰ANOVA!$K$14*SQRT(1+_slice!G111))-01_因子設定!$B$14,IF(01_因子設定!$B$13="最小化",01_因子設定!$B$15-(_slice!G86+04_回帰ANOVA!$K$19*04_回帰ANOVA!$K$14*SQRT(1+_slice!G111)),MIN((_slice!G86-04_回帰ANOVA!$K$19*04_回帰ANOVA!$K$14*SQRT(1+_slice!G111))-01_因子設定!$B$14,01_因子設定!$B$15-(_slice!G86+04_回帰ANOVA!$K$19*04_回帰ANOVA!$K$14*SQRT(1+_slice!G111))))),"外") -> -1.9879779 | H45: =IF(AND(_slice!$H$5=1,H$41>=_slice!$H$6-0.000000001,H$41<=_slice!$I$6+0.000000001,$B45>=_slice!$H$7-0.000000001,$B45<=_slice!$I$7+0.000000001,IF(01_因子設定!$B$20="Box-Behnken",H$41^2+$B45^2+_slice!$H$8<=2+0.000000001,TRUE())),IF(01_因子設定!$B$13="最大化",(_slice!H86-04_回帰ANOVA!$K$19*04_回帰ANOVA!$K$14*SQRT(1+_slice!H111))-01_因子設定!$B$14,IF(01_因子設定!$B$13="最小化",01_因子設定!$B$15-(_slice!H86+04_回帰ANOVA!$K$19*04_回帰ANOVA!$K$14*SQRT(1+_slice!H111)),MIN((_slice!H86-04_回帰ANOVA!$K$19*04_回帰ANOVA!$K$14*SQRT(1+_slice!H111))-01_因子設定!$B$14,01_因子設定!$B$15-(_slice!H86+04_回帰ANOVA!$K$19*04_回帰ANOVA!$K$14*SQRT(1+_slice!H111))))),"外") -> -1.4363863 | I45: =IF(AND(_slice!$H$5=1,I$41>=_slice!$H$6-0.000000001,I$41<=_slice!$I$6+0.000000001,$B45>=_slice!$H$7-0.000000001,$B45<=_slice!$I$7+0.000000001,IF(01_因子設定!$B$20="Box-Behnken",I$41^2+$B45^2+_slice!$H$8<=2+0.000000001,TRUE())),IF(01_因子設定!$B$13="最大化",(_slice!I86-04_回帰ANOVA!$K$19*04_回帰ANOVA!$K$14*SQRT(1+_slice!I111))-01_因子設定!$B$14,IF(01_因子設定!$B$13="最小化",01_因子設定!$B$15-(_slice!I86+04_回帰ANOVA!$K$19*04_回帰ANOVA!$K$14*SQRT(1+_slice!I111)),MIN((_slice!I86-04_回帰ANOVA!$K$19*04_回帰ANOVA!$K$14*SQRT(1+_slice!I111))-01_因子設定!$B$14,01_因子設定!$B$15-(_slice!I86+04_回帰ANOVA!$K$19*04_回帰ANOVA!$K$14*SQRT(1+_slice!I111))))),"外") -> -0.94112326 | J45: =IF(AND(_slice!$H$5=1,J$41>=_slice!$H$6-0.000000001,J$41<=_slice!$I$6+0.000000001,$B45>=_slice!$H$7-0.000000001,$B45<=_slice!$I$7+0.000000001,IF(01_因子設定!$B$20="Box-Behnken",J$41^2+$B45^2+_slice!$H$8<=2+0.000000001,TRUE())),IF(01_因子設定!$B$13="最大化",(_slice!J86-04_回帰ANOVA!$K$19*04_回帰ANOVA!$K$14*SQRT(1+_slice!J111))-01_因子設定!$B$14,IF(01_因子設定!$B$13="最小化",01_因子設定!$B$15-(_slice!J86+04_回帰ANOVA!$K$19*04_回帰ANOVA!$K$14*SQRT(1+_slice!J111)),MIN((_slice!J86-04_回帰ANOVA!$K$19*04_回帰ANOVA!$K$14*SQRT(1+_slice!J111))-01_因子設定!$B$14,01_因子設定!$B$15-(_slice!J86+04_回帰ANOVA!$K$19*04_回帰ANOVA!$K$14*SQRT(1+_slice!J111))))),"外") -> -0.49972641 | ... W45: =IF(AND(_slice!$H$5=1,W$41>=_slice!$H$6-0.000000001,W$41<=_slice!$I$6+0.000000001,$B45>=_slice!$H$7-0.000000001,$B45<=_slice!$I$7+0.000000001,IF(01_因子設定!$B$20="Box-Behnken",W$41^2+$B45^2+_slice!$H$8<=2+0.000000001,TRUE())),IF(01_因子設定!$B$13="最大化",(_slice!W86-04_回帰ANOVA!$K$19*04_回帰ANOVA!$K$14*SQRT(1+_slice!W111))-01_因子設定!$B$14,IF(01_因子設定!$B$13="最小化",01_因子設定!$B$15-(_slice!W86+04_回帰ANOVA!$K$19*04_回帰ANOVA!$K$14*SQRT(1+_slice!W111)),MIN((_slice!W86-04_回帰ANOVA!$K$19*04_回帰ANOVA!$K$14*SQRT(1+_slice!W111))-01_因子設定!$B$14,01_因子設定!$B$15-(_slice!W86+04_回帰ANOVA!$K$19*04_回帰ANOVA!$K$14*SQRT(1+_slice!W111))))),"外") -> 0.46560265
A46: =INDEX(01_因子設定!$G$5:$G$8,$C$5)+B46*INDEX(01_因子設定!$H$5:$H$8,$C$5) -> 37 | B46: 0.7 | C46: =IF(AND(_slice!$H$5=1,C$41>=_slice!$H$6-0.000000001,C$41<=_slice!$I$6+0.000000001,$B46>=_slice!$H$7-0.000000001,$B46<=_slice!$I$7+0.000000001,IF(01_因子設定!$B$20="Box-Behnken",C$41^2+$B46^2+_slice!$H$8<=2+0.000000001,TRUE())),IF(01_因子設定!$B$13="最大化",(_slice!C87-04_回帰ANOVA!$K$19*04_回帰ANOVA!$K$14*SQRT(1+_slice!C112))-01_因子設定!$B$14,IF(01_因子設定!$B$13="最小化",01_因子設定!$B$15-(_slice!C87+04_回帰ANOVA!$K$19*04_回帰ANOVA!$K$14*SQRT(1+_slice!C112)),MIN((_slice!C87-04_回帰ANOVA!$K$19*04_回帰ANOVA!$K$14*SQRT(1+_slice!C112))-01_因子設定!$B$14,01_因子設定!$B$15-(_slice!C87+04_回帰ANOVA!$K$19*04_回帰ANOVA!$K$14*SQRT(1+_slice!C112))))),"外") -> -4.5194864 | D46: =IF(AND(_slice!$H$5=1,D$41>=_slice!$H$6-0.000000001,D$41<=_slice!$I$6+0.000000001,$B46>=_slice!$H$7-0.000000001,$B46<=_slice!$I$7+0.000000001,IF(01_因子設定!$B$20="Box-Behnken",D$41^2+$B46^2+_slice!$H$8<=2+0.000000001,TRUE())),IF(01_因子設定!$B$13="最大化",(_slice!D87-04_回帰ANOVA!$K$19*04_回帰ANOVA!$K$14*SQRT(1+_slice!D112))-01_因子設定!$B$14,IF(01_因子設定!$B$13="最小化",01_因子設定!$B$15-(_slice!D87+04_回帰ANOVA!$K$19*04_回帰ANOVA!$K$14*SQRT(1+_slice!D112)),MIN((_slice!D87-04_回帰ANOVA!$K$19*04_回帰ANOVA!$K$14*SQRT(1+_slice!D112))-01_因子設定!$B$14,01_因子設定!$B$15-(_slice!D87+04_回帰ANOVA!$K$19*04_回帰ANOVA!$K$14*SQRT(1+_slice!D112))))),"外") -> -3.7187388 | E46: =IF(AND(_slice!$H$5=1,E$41>=_slice!$H$6-0.000000001,E$41<=_slice!$I$6+0.000000001,$B46>=_slice!$H$7-0.000000001,$B46<=_slice!$I$7+0.000000001,IF(01_因子設定!$B$20="Box-Behnken",E$41^2+$B46^2+_slice!$H$8<=2+0.000000001,TRUE())),IF(01_因子設定!$B$13="最大化",(_slice!E87-04_回帰ANOVA!$K$19*04_回帰ANOVA!$K$14*SQRT(1+_slice!E112))-01_因子設定!$B$14,IF(01_因子設定!$B$13="最小化",01_因子設定!$B$15-(_slice!E87+04_回帰ANOVA!$K$19*04_回帰ANOVA!$K$14*SQRT(1+_slice!E112)),MIN((_slice!E87-04_回帰ANOVA!$K$19*04_回帰ANOVA!$K$14*SQRT(1+_slice!E112))-01_因子設定!$B$14,01_因子設定!$B$15-(_slice!E87+04_回帰ANOVA!$K$19*04_回帰ANOVA!$K$14*SQRT(1+_slice!E112))))),"外") -> -2.9875965 | F46: =IF(AND(_slice!$H$5=1,F$41>=_slice!$H$6-0.000000001,F$41<=_slice!$I$6+0.000000001,$B46>=_slice!$H$7-0.000000001,$B46<=_slice!$I$7+0.000000001,IF(01_因子設定!$B$20="Box-Behnken",F$41^2+$B46^2+_slice!$H$8<=2+0.000000001,TRUE())),IF(01_因子設定!$B$13="最大化",(_slice!F87-04_回帰ANOVA!$K$19*04_回帰ANOVA!$K$14*SQRT(1+_slice!F112))-01_因子設定!$B$14,IF(01_因子設定!$B$13="最小化",01_因子設定!$B$15-(_slice!F87+04_回帰ANOVA!$K$19*04_回帰ANOVA!$K$14*SQRT(1+_slice!F112)),MIN((_slice!F87-04_回帰ANOVA!$K$19*04_回帰ANOVA!$K$14*SQRT(1+_slice!F112))-01_因子設定!$B$14,01_因子設定!$B$15-(_slice!F87+04_回帰ANOVA!$K$19*04_回帰ANOVA!$K$14*SQRT(1+_slice!F112))))),"外") -> -2.3228568 | G46: =IF(AND(_slice!$H$5=1,G$41>=_slice!$H$6-0.000000001,G$41<=_slice!$I$6+0.000000001,$B46>=_slice!$H$7-0.000000001,$B46<=_slice!$I$7+0.000000001,IF(01_因子設定!$B$20="Box-Behnken",G$41^2+$B46^2+_slice!$H$8<=2+0.000000001,TRUE())),IF(01_因子設定!$B$13="最大化",(_slice!G87-04_回帰ANOVA!$K$19*04_回帰ANOVA!$K$14*SQRT(1+_slice!G112))-01_因子設定!$B$14,IF(01_因子設定!$B$13="最小化",01_因子設定!$B$15-(_slice!G87+04_回帰ANOVA!$K$19*04_回帰ANOVA!$K$14*SQRT(1+_slice!G112)),MIN((_slice!G87-04_回帰ANOVA!$K$19*04_回帰ANOVA!$K$14*SQRT(1+_slice!G112))-01_因子設定!$B$14,01_因子設定!$B$15-(_slice!G87+04_回帰ANOVA!$K$19*04_回帰ANOVA!$K$14*SQRT(1+_slice!G112))))),"外") -> -1.7211178 | H46: =IF(AND(_slice!$H$5=1,H$41>=_slice!$H$6-0.000000001,H$41<=_slice!$I$6+0.000000001,$B46>=_slice!$H$7-0.000000001,$B46<=_slice!$I$7+0.000000001,IF(01_因子設定!$B$20="Box-Behnken",H$41^2+$B46^2+_slice!$H$8<=2+0.000000001,TRUE())),IF(01_因子設定!$B$13="最大化",(_slice!H87-04_回帰ANOVA!$K$19*04_回帰ANOVA!$K$14*SQRT(1+_slice!H112))-01_因子設定!$B$14,IF(01_因子設定!$B$13="最小化",01_因子設定!$B$15-(_slice!H87+04_回帰ANOVA!$K$19*04_回帰ANOVA!$K$14*SQRT(1+_slice!H112)),MIN((_slice!H87-04_回帰ANOVA!$K$19*04_回帰ANOVA!$K$14*SQRT(1+_slice!H112))-01_因子設定!$B$14,01_因子設定!$B$15-(_slice!H87+04_回帰ANOVA!$K$19*04_回帰ANOVA!$K$14*SQRT(1+_slice!H112))))),"外") -> -1.1790732 | I46: =IF(AND(_slice!$H$5=1,I$41>=_slice!$H$6-0.000000001,I$41<=_slice!$I$6+0.000000001,$B46>=_slice!$H$7-0.000000001,$B46<=_slice!$I$7+0.000000001,IF(01_因子設定!$B$20="Box-Behnken",I$41^2+$B46^2+_slice!$H$8<=2+0.000000001,TRUE())),IF(01_因子設定!$B$13="最大化",(_slice!I87-04_回帰ANOVA!$K$19*04_回帰ANOVA!$K$14*SQRT(1+_slice!I112))-01_因子設定!$B$14,IF(01_因子設定!$B$13="最小化",01_因子設定!$B$15-(_slice!I87+04_回帰ANOVA!$K$19*04_回帰ANOVA!$K$14*SQRT(1+_slice!I112)),MIN((_slice!I87-04_回帰ANOVA!$K$19*04_回帰ANOVA!$K$14*SQRT(1+_slice!I112))-01_因子設定!$B$14,01_因子設定!$B$15-(_slice!I87+04_回帰ANOVA!$K$19*04_回帰ANOVA!$K$14*SQRT(1+_slice!I112))))),"外") -> -0.69374524 | J46: =IF(AND(_slice!$H$5=1,J$41>=_slice!$H$6-0.000000001,J$41<=_slice!$I$6+0.000000001,$B46>=_slice!$H$7-0.000000001,$B46<=_slice!$I$7+0.000000001,IF(01_因子設定!$B$20="Box-Behnken",J$41^2+$B46^2+_slice!$H$8<=2+0.000000001,TRUE())),IF(01_因子設定!$B$13="最大化",(_slice!J87-04_回帰ANOVA!$K$19*04_回帰ANOVA!$K$14*SQRT(1+_slice!J112))-01_因子設定!$B$14,IF(01_因子設定!$B$13="最小化",01_因子設定!$B$15-(_slice!J87+04_回帰ANOVA!$K$19*04_回帰ANOVA!$K$14*SQRT(1+_slice!J112)),MIN((_slice!J87-04_回帰ANOVA!$K$19*04_回帰ANOVA!$K$14*SQRT(1+_slice!J112))-01_因子設定!$B$14,01_因子設定!$B$15-(_slice!J87+04_回帰ANOVA!$K$19*04_回帰ANOVA!$K$14*SQRT(1+_slice!J112))))),"外") -> -0.26263145 | ... W46: =IF(AND(_slice!$H$5=1,W$41>=_slice!$H$6-0.000000001,W$41<=_slice!$I$6+0.000000001,$B46>=_slice!$H$7-0.000000001,$B46<=_slice!$I$7+0.000000001,IF(01_因子設定!$B$20="Box-Behnken",W$41^2+$B46^2+_slice!$H$8<=2+0.000000001,TRUE())),IF(01_因子設定!$B$13="最大化",(_slice!W87-04_回帰ANOVA!$K$19*04_回帰ANOVA!$K$14*SQRT(1+_slice!W112))-01_因子設定!$B$14,IF(01_因子設定!$B$13="最小化",01_因子設定!$B$15-(_slice!W87+04_回帰ANOVA!$K$19*04_回帰ANOVA!$K$14*SQRT(1+_slice!W112)),MIN((_slice!W87-04_回帰ANOVA!$K$19*04_回帰ANOVA!$K$14*SQRT(1+_slice!W112))-01_因子設定!$B$14,01_因子設定!$B$15-(_slice!W87+04_回帰ANOVA!$K$19*04_回帰ANOVA!$K$14*SQRT(1+_slice!W112))))),"外") -> 0.5416247
A47: =INDEX(01_因子設定!$G$5:$G$8,$C$5)+B47*INDEX(01_因子設定!$H$5:$H$8,$C$5) -> 36 | B47: 0.6 | C47: =IF(AND(_slice!$H$5=1,C$41>=_slice!$H$6-0.000000001,C$41<=_slice!$I$6+0.000000001,$B47>=_slice!$H$7-0.000000001,$B47<=_slice!$I$7+0.000000001,IF(01_因子設定!$B$20="Box-Behnken",C$41^2+$B47^2+_slice!$H$8<=2+0.000000001,TRUE())),IF(01_因子設定!$B$13="最大化",(_slice!C88-04_回帰ANOVA!$K$19*04_回帰ANOVA!$K$14*SQRT(1+_slice!C113))-01_因子設定!$B$14,IF(01_因子設定!$B$13="最小化",01_因子設定!$B$15-(_slice!C88+04_回帰ANOVA!$K$19*04_回帰ANOVA!$K$14*SQRT(1+_slice!C113)),MIN((_slice!C88-04_回帰ANOVA!$K$19*04_回帰ANOVA!$K$14*SQRT(1+_slice!C113))-01_因子設定!$B$14,01_因子設定!$B$15-(_slice!C88+04_回帰ANOVA!$K$19*04_回帰ANOVA!$K$14*SQRT(1+_slice!C113))))),"外") -> -4.279813 | D47: =IF(AND(_slice!$H$5=1,D$41>=_slice!$H$6-0.000000001,D$41<=_slice!$I$6+0.000000001,$B47>=_slice!$H$7-0.000000001,$B47<=_slice!$I$7+0.000000001,IF(01_因子設定!$B$20="Box-Behnken",D$41^2+$B47^2+_slice!$H$8<=2+0.000000001,TRUE())),IF(01_因子設定!$B$13="最大化",(_slice!D88-04_回帰ANOVA!$K$19*04_回帰ANOVA!$K$14*SQRT(1+_slice!D113))-01_因子設定!$B$14,IF(01_因子設定!$B$13="最小化",01_因子設定!$B$15-(_slice!D88+04_回帰ANOVA!$K$19*04_回帰ANOVA!$K$14*SQRT(1+_slice!D113)),MIN((_slice!D88-04_回帰ANOVA!$K$19*04_回帰ANOVA!$K$14*SQRT(1+_slice!D113))-01_因子設定!$B$14,01_因子設定!$B$15-(_slice!D88+04_回帰ANOVA!$K$19*04_回帰ANOVA!$K$14*SQRT(1+_slice!D113))))),"外") -> -3.4877511 | E47: =IF(AND(_slice!$H$5=1,E$41>=_slice!$H$6-0.000000001,E$41<=_slice!$I$6+0.000000001,$B47>=_slice!$H$7-0.000000001,$B47<=_slice!$I$7+0.000000001,IF(01_因子設定!$B$20="Box-Behnken",E$41^2+$B47^2+_slice!$H$8<=2+0.000000001,TRUE())),IF(01_因子設定!$B$13="最大化",(_slice!E88-04_回帰ANOVA!$K$19*04_回帰ANOVA!$K$14*SQRT(1+_slice!E113))-01_因子設定!$B$14,IF(01_因子設定!$B$13="最小化",01_因子設定!$B$15-(_slice!E88+04_回帰ANOVA!$K$19*04_回帰ANOVA!$K$14*SQRT(1+_slice!E113)),MIN((_slice!E88-04_回帰ANOVA!$K$19*04_回帰ANOVA!$K$14*SQRT(1+_slice!E113))-01_因子設定!$B$14,01_因子設定!$B$15-(_slice!E88+04_回帰ANOVA!$K$19*04_回帰ANOVA!$K$14*SQRT(1+_slice!E113))))),"外") -> -2.7654779 | F47: =IF(AND(_slice!$H$5=1,F$41>=_slice!$H$6-0.000000001,F$41<=_slice!$I$6+0.000000001,$B47>=_slice!$H$7-0.000000001,$B47<=_slice!$I$7+0.000000001,IF(01_因子設定!$B$20="Box-Behnken",F$41^2+$B47^2+_slice!$H$8<=2+0.000000001,TRUE())),IF(01_因子設定!$B$13="最大化",(_slice!F88-04_回帰ANOVA!$K$19*04_回帰ANOVA!$K$14*SQRT(1+_slice!F113))-01_因子設定!$B$14,IF(01_因子設定!$B$13="最小化",01_因子設定!$B$15-(_slice!F88+04_回帰ANOVA!$K$19*04_回帰ANOVA!$K$14*SQRT(1+_slice!F113)),MIN((_slice!F88-04_回帰ANOVA!$K$19*04_回帰ANOVA!$K$14*SQRT(1+_slice!F113))-01_因子設定!$B$14,01_因子設定!$B$15-(_slice!F88+04_回帰ANOVA!$K$19*04_回帰ANOVA!$K$14*SQRT(1+_slice!F113))))),"外") -> -2.1098678 | G47: =IF(AND(_slice!$H$5=1,G$41>=_slice!$H$6-0.000000001,G$41<=_slice!$I$6+0.000000001,$B47>=_slice!$H$7-0.000000001,$B47<=_slice!$I$7+0.000000001,IF(01_因子設定!$B$20="Box-Behnken",G$41^2+$B47^2+_slice!$H$8<=2+0.000000001,TRUE())),IF(01_因子設定!$B$13="最大化",(_slice!G88-04_回帰ANOVA!$K$19*04_回帰ANOVA!$K$14*SQRT(1+_slice!G113))-01_因子設定!$B$14,IF(01_因子設定!$B$13="最小化",01_因子設定!$B$15-(_slice!G88+04_回帰ANOVA!$K$19*04_回帰ANOVA!$K$14*SQRT(1+_slice!G113)),MIN((_slice!G88-04_回帰ANOVA!$K$19*04_回帰ANOVA!$K$14*SQRT(1+_slice!G113))-01_因子設定!$B$14,01_因子設定!$B$15-(_slice!G88+04_回帰ANOVA!$K$19*04_回帰ANOVA!$K$14*SQRT(1+_slice!G113))))),"外") -> -1.5175646 | H47: =IF(AND(_slice!$H$5=1,H$41>=_slice!$H$6-0.000000001,H$41<=_slice!$I$6+0.000000001,$B47>=_slice!$H$7-0.000000001,$B47<=_slice!$I$7+0.000000001,IF(01_因子設定!$B$20="Box-Behnken",H$41^2+$B47^2+_slice!$H$8<=2+0.000000001,TRUE())),IF(01_因子設定!$B$13="最大化",(_slice!H88-04_回帰ANOVA!$K$19*04_回帰ANOVA!$K$14*SQRT(1+_slice!H113))-01_因子設定!$B$14,IF(01_因子設定!$B$13="最小化",01_因子設定!$B$15-(_slice!H88+04_回帰ANOVA!$K$19*04_回帰ANOVA!$K$14*SQRT(1+_slice!H113)),MIN((_slice!H88-04_回帰ANOVA!$K$19*04_回帰ANOVA!$K$14*SQRT(1+_slice!H113))-01_因子設定!$B$14,01_因子設定!$B$15-(_slice!H88+04_回帰ANOVA!$K$19*04_回帰ANOVA!$K$14*SQRT(1+_slice!H113))))),"外") -> -0.98527757 | I47: =IF(AND(_slice!$H$5=1,I$41>=_slice!$H$6-0.000000001,I$41<=_slice!$I$6+0.000000001,$B47>=_slice!$H$7-0.000000001,$B47<=_slice!$I$7+0.000000001,IF(01_因子設定!$B$20="Box-Behnken",I$41^2+$B47^2+_slice!$H$8<=2+0.000000001,TRUE())),IF(01_因子設定!$B$13="最大化",(_slice!I88-04_回帰ANOVA!$K$19*04_回帰ANOVA!$K$14*SQRT(1+_slice!I113))-01_因子設定!$B$14,IF(01_因子設定!$B$13="最小化",01_因子設定!$B$15-(_slice!I88+04_回帰ANOVA!$K$19*04_回帰ANOVA!$K$14*SQRT(1+_slice!I113)),MIN((_slice!I88-04_回帰ANOVA!$K$19*04_回帰ANOVA!$K$14*SQRT(1+_slice!I113))-01_因子設定!$B$14,01_因子設定!$B$15-(_slice!I88+04_回帰ANOVA!$K$19*04_回帰ANOVA!$K$14*SQRT(1+_slice!I113))))),"外") -> -0.5100218 | J47: =IF(AND(_slice!$H$5=1,J$41>=_slice!$H$6-0.000000001,J$41<=_slice!$I$6+0.000000001,$B47>=_slice!$H$7-0.000000001,$B47<=_slice!$I$7+0.000000001,IF(01_因子設定!$B$20="Box-Behnken",J$41^2+$B47^2+_slice!$H$8<=2+0.000000001,TRUE())),IF(01_因子設定!$B$13="最大化",(_slice!J88-04_回帰ANOVA!$K$19*04_回帰ANOVA!$K$14*SQRT(1+_slice!J113))-01_因子設定!$B$14,IF(01_因子設定!$B$13="最小化",01_因子設定!$B$15-(_slice!J88+04_回帰ANOVA!$K$19*04_回帰ANOVA!$K$14*SQRT(1+_slice!J113)),MIN((_slice!J88-04_回帰ANOVA!$K$19*04_回帰ANOVA!$K$14*SQRT(1+_slice!J113))-01_因子設定!$B$14,01_因子設定!$B$15-(_slice!J88+04_回帰ANOVA!$K$19*04_回帰ANOVA!$K$14*SQRT(1+_slice!J113))))),"外") -> -0.089275594 | ... W47: =IF(AND(_slice!$H$5=1,W$41>=_slice!$H$6-0.000000001,W$41<=_slice!$I$6+0.000000001,$B47>=_slice!$H$7-0.000000001,$B47<=_slice!$I$7+0.000000001,IF(01_因子設定!$B$20="Box-Behnken",W$41^2+$B47^2+_slice!$H$8<=2+0.000000001,TRUE())),IF(01_因子設定!$B$13="最大化",(_slice!W88-04_回帰ANOVA!$K$19*04_回帰ANOVA!$K$14*SQRT(1+_slice!W113))-01_因子設定!$B$14,IF(01_因子設定!$B$13="最小化",01_因子設定!$B$15-(_slice!W88+04_回帰ANOVA!$K$19*04_回帰ANOVA!$K$14*SQRT(1+_slice!W113)),MIN((_slice!W88-04_回帰ANOVA!$K$19*04_回帰ANOVA!$K$14*SQRT(1+_slice!W113))-01_因子設定!$B$14,01_因子設定!$B$15-(_slice!W88+04_回帰ANOVA!$K$19*04_回帰ANOVA!$K$14*SQRT(1+_slice!W113))))),"外") -> 0.55629807
A48: =INDEX(01_因子設定!$G$5:$G$8,$C$5)+B48*INDEX(01_因子設定!$H$5:$H$8,$C$5) -> 35 | B48: 0.5 | C48: =IF(AND(_slice!$H$5=1,C$41>=_slice!$H$6-0.000000001,C$41<=_slice!$I$6+0.000000001,$B48>=_slice!$H$7-0.000000001,$B48<=_slice!$I$7+0.000000001,IF(01_因子設定!$B$20="Box-Behnken",C$41^2+$B48^2+_slice!$H$8<=2+0.000000001,TRUE())),IF(01_因子設定!$B$13="最大化",(_slice!C89-04_回帰ANOVA!$K$19*04_回帰ANOVA!$K$14*SQRT(1+_slice!C114))-01_因子設定!$B$14,IF(01_因子設定!$B$13="最小化",01_因子設定!$B$15-(_slice!C89+04_回帰ANOVA!$K$19*04_回帰ANOVA!$K$14*SQRT(1+_slice!C114)),MIN((_slice!C89-04_回帰ANOVA!$K$19*04_回帰ANOVA!$K$14*SQRT(1+_slice!C114))-01_因子設定!$B$14,01_因子設定!$B$15-(_slice!C89+04_回帰ANOVA!$K$19*04_回帰ANOVA!$K$14*SQRT(1+_slice!C114))))),"外") -> -4.0982919 | D48: =IF(AND(_slice!$H$5=1,D$41>=_slice!$H$6-0.000000001,D$41<=_slice!$I$6+0.000000001,$B48>=_slice!$H$7-0.000000001,$B48<=_slice!$I$7+0.000000001,IF(01_因子設定!$B$20="Box-Behnken",D$41^2+$B48^2+_slice!$H$8<=2+0.000000001,TRUE())),IF(01_因子設定!$B$13="最大化",(_slice!D89-04_回帰ANOVA!$K$19*04_回帰ANOVA!$K$14*SQRT(1+_slice!D114))-01_因子設定!$B$14,IF(01_因子設定!$B$13="最小化",01_因子設定!$B$15-(_slice!D89+04_回帰ANOVA!$K$19*04_回帰ANOVA!$K$14*SQRT(1+_slice!D114)),MIN((_slice!D89-04_回帰ANOVA!$K$19*04_回帰ANOVA!$K$14*SQRT(1+_slice!D114))-01_因子設定!$B$14,01_因子設定!$B$15-(_slice!D89+04_回帰ANOVA!$K$19*04_回帰ANOVA!$K$14*SQRT(1+_slice!D114))))),"外") -> -3.3155237 | E48: =IF(AND(_slice!$H$5=1,E$41>=_slice!$H$6-0.000000001,E$41<=_slice!$I$6+0.000000001,$B48>=_slice!$H$7-0.000000001,$B48<=_slice!$I$7+0.000000001,IF(01_因子設定!$B$20="Box-Behnken",E$41^2+$B48^2+_slice!$H$8<=2+0.000000001,TRUE())),IF(01_因子設定!$B$13="最大化",(_slice!E89-04_回帰ANOVA!$K$19*04_回帰ANOVA!$K$14*SQRT(1+_slice!E114))-01_因子設定!$B$14,IF(01_因子設定!$B$13="最小化",01_因子設定!$B$15-(_slice!E89+04_回帰ANOVA!$K$19*04_回帰ANOVA!$K$14*SQRT(1+_slice!E114)),MIN((_slice!E89-04_回帰ANOVA!$K$19*04_回帰ANOVA!$K$14*SQRT(1+_slice!E114))-01_因子設定!$B$14,01_因子設定!$B$15-(_slice!E89+04_回帰ANOVA!$K$19*04_回帰ANOVA!$K$14*SQRT(1+_slice!E114))))),"外") -> -2.6026363 | F48: =IF(AND(_slice!$H$5=1,F$41>=_slice!$H$6-0.000000001,F$41<=_slice!$I$6+0.000000001,$B48>=_slice!$H$7-0.000000001,$B48<=_slice!$I$7+0.000000001,IF(01_因子設定!$B$20="Box-Behnken",F$41^2+$B48^2+_slice!$H$8<=2+0.000000001,TRUE())),IF(01_因子設定!$B$13="最大化",(_slice!F89-04_回帰ANOVA!$K$19*04_回帰ANOVA!$K$14*SQRT(1+_slice!F114))-01_因子設定!$B$14,IF(01_因子設定!$B$13="最小化",01_因子設定!$B$15-(_slice!F89+04_回帰ANOVA!$K$19*04_回帰ANOVA!$K$14*SQRT(1+_slice!F114)),MIN((_slice!F89-04_回帰ANOVA!$K$19*04_回帰ANOVA!$K$14*SQRT(1+_slice!F114))-01_因子設定!$B$14,01_因子設定!$B$15-(_slice!F89+04_回帰ANOVA!$K$19*04_回帰ANOVA!$K$14*SQRT(1+_slice!F114))))),"外") -> -1.9565732 | G48: =IF(AND(_slice!$H$5=1,G$41>=_slice!$H$6-0.000000001,G$41<=_slice!$I$6+0.000000001,$B48>=_slice!$H$7-0.000000001,$B48<=_slice!$I$7+0.000000001,IF(01_因子設定!$B$20="Box-Behnken",G$41^2+$B48^2+_slice!$H$8<=2+0.000000001,TRUE())),IF(01_因子設定!$B$13="最大化",(_slice!G89-04_回帰ANOVA!$K$19*04_回帰ANOVA!$K$14*SQRT(1+_slice!G114))-01_因子設定!$B$14,IF(01_因子設定!$B$13="最小化",01_因子設定!$B$15-(_slice!G89+04_回帰ANOVA!$K$19*04_回帰ANOVA!$K$14*SQRT(1+_slice!G114)),MIN((_slice!G89-04_回帰ANOVA!$K$19*04_回帰ANOVA!$K$14*SQRT(1+_slice!G114))-01_因子設定!$B$14,01_因子設定!$B$15-(_slice!G89+04_回帰ANOVA!$K$19*04_回帰ANOVA!$K$14*SQRT(1+_slice!G114))))),"外") -> -1.3740276 | H48: =IF(AND(_slice!$H$5=1,H$41>=_slice!$H$6-0.000000001,H$41<=_slice!$I$6+0.000000001,$B48>=_slice!$H$7-0.000000001,$B48<=_slice!$I$7+0.000000001,IF(01_因子設定!$B$20="Box-Behnken",H$41^2+$B48^2+_slice!$H$8<=2+0.000000001,TRUE())),IF(01_因子設定!$B$13="最大化",(_slice!H89-04_回帰ANOVA!$K$19*04_回帰ANOVA!$K$14*SQRT(1+_slice!H114))-01_因子設定!$B$14,IF(01_因子設定!$B$13="最小化",01_因子設定!$B$15-(_slice!H89+04_回帰ANOVA!$K$19*04_回帰ANOVA!$K$14*SQRT(1+_slice!H114)),MIN((_slice!H89-04_回帰ANOVA!$K$19*04_回帰ANOVA!$K$14*SQRT(1+_slice!H114))-01_因子設定!$B$14,01_因子設定!$B$15-(_slice!H89+04_回帰ANOVA!$K$19*04_回帰ANOVA!$K$14*SQRT(1+_slice!H114))))),"外") -> -0.85173528 | I48: =IF(AND(_slice!$H$5=1,I$41>=_slice!$H$6-0.000000001,I$41<=_slice!$I$6+0.000000001,$B48>=_slice!$H$7-0.000000001,$B48<=_slice!$I$7+0.000000001,IF(01_因子設定!$B$20="Box-Behnken",I$41^2+$B48^2+_slice!$H$8<=2+0.000000001,TRUE())),IF(01_因子設定!$B$13="最大化",(_slice!I89-04_回帰ANOVA!$K$19*04_回帰ANOVA!$K$14*SQRT(1+_slice!I114))-01_因子設定!$B$14,IF(01_因子設定!$B$13="最小化",01_因子設定!$B$15-(_slice!I89+04_回帰ANOVA!$K$19*04_回帰ANOVA!$K$14*SQRT(1+_slice!I114)),MIN((_slice!I89-04_回帰ANOVA!$K$19*04_回帰ANOVA!$K$14*SQRT(1+_slice!I114))-01_因子設定!$B$14,01_因子設定!$B$15-(_slice!I89+04_回帰ANOVA!$K$19*04_回帰ANOVA!$K$14*SQRT(1+_slice!I114))))),"外") -> -0.38671944 | J48: =IF(AND(_slice!$H$5=1,J$41>=_slice!$H$6-0.000000001,J$41<=_slice!$I$6+0.000000001,$B48>=_slice!$H$7-0.000000001,$B48<=_slice!$I$7+0.000000001,IF(01_因子設定!$B$20="Box-Behnken",J$41^2+$B48^2+_slice!$H$8<=2+0.000000001,TRUE())),IF(01_因子設定!$B$13="最大化",(_slice!J89-04_回帰ANOVA!$K$19*04_回帰ANOVA!$K$14*SQRT(1+_slice!J114))-01_因子設定!$B$14,IF(01_因子設定!$B$13="最小化",01_因子設定!$B$15-(_slice!J89+04_回帰ANOVA!$K$19*04_回帰ANOVA!$K$14*SQRT(1+_slice!J114)),MIN((_slice!J89-04_回帰ANOVA!$K$19*04_回帰ANOVA!$K$14*SQRT(1+_slice!J114))-01_因子設定!$B$14,01_因子設定!$B$15-(_slice!J89+04_回帰ANOVA!$K$19*04_回帰ANOVA!$K$14*SQRT(1+_slice!J114))))),"外") -> 0.023545954 | ... W48: =IF(AND(_slice!$H$5=1,W$41>=_slice!$H$6-0.000000001,W$41<=_slice!$I$6+0.000000001,$B48>=_slice!$H$7-0.000000001,$B48<=_slice!$I$7+0.000000001,IF(01_因子設定!$B$20="Box-Behnken",W$41^2+$B48^2+_slice!$H$8<=2+0.000000001,TRUE())),IF(01_因子設定!$B$13="最大化",(_slice!W89-04_回帰ANOVA!$K$19*04_回帰ANOVA!$K$14*SQRT(1+_slice!W114))-01_因子設定!$B$14,IF(01_因子設定!$B$13="最小化",01_因子設定!$B$15-(_slice!W89+04_回帰ANOVA!$K$19*04_回帰ANOVA!$K$14*SQRT(1+_slice!W114)),MIN((_slice!W89-04_回帰ANOVA!$K$19*04_回帰ANOVA!$K$14*SQRT(1+_slice!W114))-01_因子設定!$B$14,01_因子設定!$B$15-(_slice!W89+04_回帰ANOVA!$K$19*04_回帰ANOVA!$K$14*SQRT(1+_slice!W114))))),"外") -> 0.51281925
A49: =INDEX(01_因子設定!$G$5:$G$8,$C$5)+B49*INDEX(01_因子設定!$H$5:$H$8,$C$5) -> 34 | B49: 0.4 | C49: =IF(AND(_slice!$H$5=1,C$41>=_slice!$H$6-0.000000001,C$41<=_slice!$I$6+0.000000001,$B49>=_slice!$H$7-0.000000001,$B49<=_slice!$I$7+0.000000001,IF(01_因子設定!$B$20="Box-Behnken",C$41^2+$B49^2+_slice!$H$8<=2+0.000000001,TRUE())),IF(01_因子設定!$B$13="最大化",(_slice!C90-04_回帰ANOVA!$K$19*04_回帰ANOVA!$K$14*SQRT(1+_slice!C115))-01_因子設定!$B$14,IF(01_因子設定!$B$13="最小化",01_因子設定!$B$15-(_slice!C90+04_回帰ANOVA!$K$19*04_回帰ANOVA!$K$14*SQRT(1+_slice!C115)),MIN((_slice!C90-04_回帰ANOVA!$K$19*04_回帰ANOVA!$K$14*SQRT(1+_slice!C115))-01_因子設定!$B$14,01_因子設定!$B$15-(_slice!C90+04_回帰ANOVA!$K$19*04_回帰ANOVA!$K$14*SQRT(1+_slice!C115))))),"外") -> -3.9721241 | D49: =IF(AND(_slice!$H$5=1,D$41>=_slice!$H$6-0.000000001,D$41<=_slice!$I$6+0.000000001,$B49>=_slice!$H$7-0.000000001,$B49<=_slice!$I$7+0.000000001,IF(01_因子設定!$B$20="Box-Behnken",D$41^2+$B49^2+_slice!$H$8<=2+0.000000001,TRUE())),IF(01_因子設定!$B$13="最大化",(_slice!D90-04_回帰ANOVA!$K$19*04_回帰ANOVA!$K$14*SQRT(1+_slice!D115))-01_因子設定!$B$14,IF(01_因子設定!$B$13="最小化",01_因子設定!$B$15-(_slice!D90+04_回帰ANOVA!$K$19*04_回帰ANOVA!$K$14*SQRT(1+_slice!D115)),MIN((_slice!D90-04_回帰ANOVA!$K$19*04_回帰ANOVA!$K$14*SQRT(1+_slice!D115))-01_因子設定!$B$14,01_因子設定!$B$15-(_slice!D90+04_回帰ANOVA!$K$19*04_回帰ANOVA!$K$14*SQRT(1+_slice!D115))))),"外") -> -3.1991667 | E49: =IF(AND(_slice!$H$5=1,E$41>=_slice!$H$6-0.000000001,E$41<=_slice!$I$6+0.000000001,$B49>=_slice!$H$7-0.000000001,$B49<=_slice!$I$7+0.000000001,IF(01_因子設定!$B$20="Box-Behnken",E$41^2+$B49^2+_slice!$H$8<=2+0.000000001,TRUE())),IF(01_因子設定!$B$13="最大化",(_slice!E90-04_回帰ANOVA!$K$19*04_回帰ANOVA!$K$14*SQRT(1+_slice!E115))-01_因子設定!$B$14,IF(01_因子設定!$B$13="最小化",01_因子設定!$B$15-(_slice!E90+04_回帰ANOVA!$K$19*04_回帰ANOVA!$K$14*SQRT(1+_slice!E115)),MIN((_slice!E90-04_回帰ANOVA!$K$19*04_回帰ANOVA!$K$14*SQRT(1+_slice!E115))-01_因子設定!$B$14,01_因子設定!$B$15-(_slice!E90+04_回帰ANOVA!$K$19*04_回帰ANOVA!$K$14*SQRT(1+_slice!E115))))),"外") -> -2.4961233 | F49: =IF(AND(_slice!$H$5=1,F$41>=_slice!$H$6-0.000000001,F$41<=_slice!$I$6+0.000000001,$B49>=_slice!$H$7-0.000000001,$B49<=_slice!$I$7+0.000000001,IF(01_因子設定!$B$20="Box-Behnken",F$41^2+$B49^2+_slice!$H$8<=2+0.000000001,TRUE())),IF(01_因子設定!$B$13="最大化",(_slice!F90-04_回帰ANOVA!$K$19*04_回帰ANOVA!$K$14*SQRT(1+_slice!F115))-01_因子設定!$B$14,IF(01_因子設定!$B$13="最小化",01_因子設定!$B$15-(_slice!F90+04_回帰ANOVA!$K$19*04_回帰ANOVA!$K$14*SQRT(1+_slice!F115)),MIN((_slice!F90-04_回帰ANOVA!$K$19*04_回帰ANOVA!$K$14*SQRT(1+_slice!F115))-01_因子設定!$B$14,01_因子設定!$B$15-(_slice!F90+04_回帰ANOVA!$K$19*04_回帰ANOVA!$K$14*SQRT(1+_slice!F115))))),"外") -> -1.8599952 | G49: =IF(AND(_slice!$H$5=1,G$41>=_slice!$H$6-0.000000001,G$41<=_slice!$I$6+0.000000001,$B49>=_slice!$H$7-0.000000001,$B49<=_slice!$I$7+0.000000001,IF(01_因子設定!$B$20="Box-Behnken",G$41^2+$B49^2+_slice!$H$8<=2+0.000000001,TRUE())),IF(01_因子設定!$B$13="最大化",(_slice!G90-04_回帰ANOVA!$K$19*04_回帰ANOVA!$K$14*SQRT(1+_slice!G115))-01_因子設定!$B$14,IF(01_因子設定!$B$13="最小化",01_因子設定!$B$15-(_slice!G90+04_回帰ANOVA!$K$19*04_回帰ANOVA!$K$14*SQRT(1+_slice!G115)),MIN((_slice!G90-04_回帰ANOVA!$K$19*04_回帰ANOVA!$K$14*SQRT(1+_slice!G115))-01_因子設定!$B$14,01_因子設定!$B$15-(_slice!G90+04_回帰ANOVA!$K$19*04_回帰ANOVA!$K$14*SQRT(1+_slice!G115))))),"外") -> -1.2875218 | H49: =IF(AND(_slice!$H$5=1,H$41>=_slice!$H$6-0.000000001,H$41<=_slice!$I$6+0.000000001,$B49>=_slice!$H$7-0.000000001,$B49<=_slice!$I$7+0.000000001,IF(01_因子設定!$B$20="Box-Behnken",H$41^2+$B49^2+_slice!$H$8<=2+0.000000001,TRUE())),IF(01_因子設定!$B$13="最大化",(_slice!H90-04_回帰ANOVA!$K$19*04_回帰ANOVA!$K$14*SQRT(1+_slice!H115))-01_因子設定!$B$14,IF(01_因子設定!$B$13="最小化",01_因子設定!$B$15-(_slice!H90+04_回帰ANOVA!$K$19*04_回帰ANOVA!$K$14*SQRT(1+_slice!H115)),MIN((_slice!H90-04_回帰ANOVA!$K$19*04_回帰ANOVA!$K$14*SQRT(1+_slice!H115))-01_因子設定!$B$14,01_因子設定!$B$15-(_slice!H90+04_回帰ANOVA!$K$19*04_回帰ANOVA!$K$14*SQRT(1+_slice!H115))))),"外") -> -0.77546944 | I49: =IF(AND(_slice!$H$5=1,I$41>=_slice!$H$6-0.000000001,I$41<=_slice!$I$6+0.000000001,$B49>=_slice!$H$7-0.000000001,$B49<=_slice!$I$7+0.000000001,IF(01_因子設定!$B$20="Box-Behnken",I$41^2+$B49^2+_slice!$H$8<=2+0.000000001,TRUE())),IF(01_因子設定!$B$13="最大化",(_slice!I90-04_回帰ANOVA!$K$19*04_回帰ANOVA!$K$14*SQRT(1+_slice!I115))-01_因子設定!$B$14,IF(01_因子設定!$B$13="最小化",01_因子設定!$B$15-(_slice!I90+04_回帰ANOVA!$K$19*04_回帰ANOVA!$K$14*SQRT(1+_slice!I115)),MIN((_slice!I90-04_回帰ANOVA!$K$19*04_回帰ANOVA!$K$14*SQRT(1+_slice!I115))-01_因子設定!$B$14,01_因子設定!$B$15-(_slice!I90+04_回帰ANOVA!$K$19*04_回帰ANOVA!$K$14*SQRT(1+_slice!I115))))),"外") -> -0.32087709 | J49: =IF(AND(_slice!$H$5=1,J$41>=_slice!$H$6-0.000000001,J$41<=_slice!$I$6+0.000000001,$B49>=_slice!$H$7-0.000000001,$B49<=_slice!$I$7+0.000000001,IF(01_因子設定!$B$20="Box-Behnken",J$41^2+$B49^2+_slice!$H$8<=2+0.000000001,TRUE())),IF(01_因子設定!$B$13="最大化",(_slice!J90-04_回帰ANOVA!$K$19*04_回帰ANOVA!$K$14*SQRT(1+_slice!J115))-01_因子設定!$B$14,IF(01_因子設定!$B$13="最小化",01_因子設定!$B$15-(_slice!J90+04_回帰ANOVA!$K$19*04_回帰ANOVA!$K$14*SQRT(1+_slice!J115)),MIN((_slice!J90-04_回帰ANOVA!$K$19*04_回帰ANOVA!$K$14*SQRT(1+_slice!J115))-01_因子設定!$B$14,01_因子設定!$B$15-(_slice!J90+04_回帰ANOVA!$K$19*04_回帰ANOVA!$K$14*SQRT(1+_slice!J115))))),"外") -> 0.078776471 | ... W49: =IF(AND(_slice!$H$5=1,W$41>=_slice!$H$6-0.000000001,W$41<=_slice!$I$6+0.000000001,$B49>=_slice!$H$7-0.000000001,$B49<=_slice!$I$7+0.000000001,IF(01_因子設定!$B$20="Box-Behnken",W$41^2+$B49^2+_slice!$H$8<=2+0.000000001,TRUE())),IF(01_因子設定!$B$13="最大化",(_slice!W90-04_回帰ANOVA!$K$19*04_回帰ANOVA!$K$14*SQRT(1+_slice!W115))-01_因子設定!$B$14,IF(01_因子設定!$B$13="最小化",01_因子設定!$B$15-(_slice!W90+04_回帰ANOVA!$K$19*04_回帰ANOVA!$K$14*SQRT(1+_slice!W115)),MIN((_slice!W90-04_回帰ANOVA!$K$19*04_回帰ANOVA!$K$14*SQRT(1+_slice!W115))-01_因子設定!$B$14,01_因子設定!$B$15-(_slice!W90+04_回帰ANOVA!$K$19*04_回帰ANOVA!$K$14*SQRT(1+_slice!W115))))),"外") -> 0.41398706
A50: =INDEX(01_因子設定!$G$5:$G$8,$C$5)+B50*INDEX(01_因子設定!$H$5:$H$8,$C$5) -> 33 | B50: 0.3 | C50: =IF(AND(_slice!$H$5=1,C$41>=_slice!$H$6-0.000000001,C$41<=_slice!$I$6+0.000000001,$B50>=_slice!$H$7-0.000000001,$B50<=_slice!$I$7+0.000000001,IF(01_因子設定!$B$20="Box-Behnken",C$41^2+$B50^2+_slice!$H$8<=2+0.000000001,TRUE())),IF(01_因子設定!$B$13="最大化",(_slice!C91-04_回帰ANOVA!$K$19*04_回帰ANOVA!$K$14*SQRT(1+_slice!C116))-01_因子設定!$B$14,IF(01_因子設定!$B$13="最小化",01_因子設定!$B$15-(_slice!C91+04_回帰ANOVA!$K$19*04_回帰ANOVA!$K$14*SQRT(1+_slice!C116)),MIN((_slice!C91-04_回帰ANOVA!$K$19*04_回帰ANOVA!$K$14*SQRT(1+_slice!C116))-01_因子設定!$B$14,01_因子設定!$B$15-(_slice!C91+04_回帰ANOVA!$K$19*04_回帰ANOVA!$K$14*SQRT(1+_slice!C116))))),"外") -> -3.8990031 | D50: =IF(AND(_slice!$H$5=1,D$41>=_slice!$H$6-0.000000001,D$41<=_slice!$I$6+0.000000001,$B50>=_slice!$H$7-0.000000001,$B50<=_slice!$I$7+0.000000001,IF(01_因子設定!$B$20="Box-Behnken",D$41^2+$B50^2+_slice!$H$8<=2+0.000000001,TRUE())),IF(01_因子設定!$B$13="最大化",(_slice!D91-04_回帰ANOVA!$K$19*04_回帰ANOVA!$K$14*SQRT(1+_slice!D116))-01_因子設定!$B$14,IF(01_因子設定!$B$13="最小化",01_因子設定!$B$15-(_slice!D91+04_回帰ANOVA!$K$19*04_回帰ANOVA!$K$14*SQRT(1+_slice!D116)),MIN((_slice!D91-04_回帰ANOVA!$K$19*04_回帰ANOVA!$K$14*SQRT(1+_slice!D116))-01_因子設定!$B$14,01_因子設定!$B$15-(_slice!D91+04_回帰ANOVA!$K$19*04_回帰ANOVA!$K$14*SQRT(1+_slice!D116))))),"外") -> -3.1362825 | E50: =IF(AND(_slice!$H$5=1,E$41>=_slice!$H$6-0.000000001,E$41<=_slice!$I$6+0.000000001,$B50>=_slice!$H$7-0.000000001,$B50<=_slice!$I$7+0.000000001,IF(01_因子設定!$B$20="Box-Behnken",E$41^2+$B50^2+_slice!$H$8<=2+0.000000001,TRUE())),IF(01_因子設定!$B$13="最大化",(_slice!E91-04_回帰ANOVA!$K$19*04_回帰ANOVA!$K$14*SQRT(1+_slice!E116))-01_因子設定!$B$14,IF(01_因子設定!$B$13="最小化",01_因子設定!$B$15-(_slice!E91+04_回帰ANOVA!$K$19*04_回帰ANOVA!$K$14*SQRT(1+_slice!E116)),MIN((_slice!E91-04_回帰ANOVA!$K$19*04_回帰ANOVA!$K$14*SQRT(1+_slice!E116))-01_因子設定!$B$14,01_因子設定!$B$15-(_slice!E91+04_回帰ANOVA!$K$19*04_回帰ANOVA!$K$14*SQRT(1+_slice!E116))))),"外") -> -2.4434764 | F50: =IF(AND(_slice!$H$5=1,F$41>=_slice!$H$6-0.000000001,F$41<=_slice!$I$6+0.000000001,$B50>=_slice!$H$7-0.000000001,$B50<=_slice!$I$7+0.000000001,IF(01_因子設定!$B$20="Box-Behnken",F$41^2+$B50^2+_slice!$H$8<=2+0.000000001,TRUE())),IF(01_因子設定!$B$13="最大化",(_slice!F91-04_回帰ANOVA!$K$19*04_回帰ANOVA!$K$14*SQRT(1+_slice!F116))-01_因子設定!$B$14,IF(01_因子設定!$B$13="最小化",01_因子設定!$B$15-(_slice!F91+04_回帰ANOVA!$K$19*04_回帰ANOVA!$K$14*SQRT(1+_slice!F116)),MIN((_slice!F91-04_回帰ANOVA!$K$19*04_回帰ANOVA!$K$14*SQRT(1+_slice!F116))-01_因子設定!$B$14,01_因子設定!$B$15-(_slice!F91+04_回帰ANOVA!$K$19*04_回帰ANOVA!$K$14*SQRT(1+_slice!F116))))),"外") -> -1.8176315 | G50: =IF(AND(_slice!$H$5=1,G$41>=_slice!$H$6-0.000000001,G$41<=_slice!$I$6+0.000000001,$B50>=_slice!$H$7-0.000000001,$B50<=_slice!$I$7+0.000000001,IF(01_因子設定!$B$20="Box-Behnken",G$41^2+$B50^2+_slice!$H$8<=2+0.000000001,TRUE())),IF(01_因子設定!$B$13="最大化",(_slice!G91-04_回帰ANOVA!$K$19*04_回帰ANOVA!$K$14*SQRT(1+_slice!G116))-01_因子設定!$B$14,IF(01_因子設定!$B$13="最小化",01_因子設定!$B$15-(_slice!G91+04_回帰ANOVA!$K$19*04_回帰ANOVA!$K$14*SQRT(1+_slice!G116)),MIN((_slice!G91-04_回帰ANOVA!$K$19*04_回帰ANOVA!$K$14*SQRT(1+_slice!G116))-01_因子設定!$B$14,01_因子設定!$B$15-(_slice!G91+04_回帰ANOVA!$K$19*04_回帰ANOVA!$K$14*SQRT(1+_slice!G116))))),"外") -> -1.2555256 | H50: =IF(AND(_slice!$H$5=1,H$41>=_slice!$H$6-0.000000001,H$41<=_slice!$I$6+0.000000001,$B50>=_slice!$H$7-0.000000001,$B50<=_slice!$I$7+0.000000001,IF(01_因子設定!$B$20="Box-Behnken",H$41^2+$B50^2+_slice!$H$8<=2+0.000000001,TRUE())),IF(01_因子設定!$B$13="最大化",(_slice!H91-04_回帰ANOVA!$K$19*04_回帰ANOVA!$K$14*SQRT(1+_slice!H116))-01_因子設定!$B$14,IF(01_因子設定!$B$13="最小化",01_因子設定!$B$15-(_slice!H91+04_回帰ANOVA!$K$19*04_回帰ANOVA!$K$14*SQRT(1+_slice!H116)),MIN((_slice!H91-04_回帰ANOVA!$K$19*04_回帰ANOVA!$K$14*SQRT(1+_slice!H116))-01_因子設定!$B$14,01_因子設定!$B$15-(_slice!H91+04_回帰ANOVA!$K$19*04_回帰ANOVA!$K$14*SQRT(1+_slice!H116))))),"外") -> -0.75395405 | I50: =IF(AND(_slice!$H$5=1,I$41>=_slice!$H$6-0.000000001,I$41<=_slice!$I$6+0.000000001,$B50>=_slice!$H$7-0.000000001,$B50<=_slice!$I$7+0.000000001,IF(01_因子設定!$B$20="Box-Behnken",I$41^2+$B50^2+_slice!$H$8<=2+0.000000001,TRUE())),IF(01_因子設定!$B$13="最大化",(_slice!I91-04_回帰ANOVA!$K$19*04_回帰ANOVA!$K$14*SQRT(1+_slice!I116))-01_因子設定!$B$14,IF(01_因子設定!$B$13="最小化",01_因子設定!$B$15-(_slice!I91+04_回帰ANOVA!$K$19*04_回帰ANOVA!$K$14*SQRT(1+_slice!I116)),MIN((_slice!I91-04_回帰ANOVA!$K$19*04_回帰ANOVA!$K$14*SQRT(1+_slice!I116))-01_因子設定!$B$14,01_因子設定!$B$15-(_slice!I91+04_回帰ANOVA!$K$19*04_回帰ANOVA!$K$14*SQRT(1+_slice!I116))))),"外") -> -0.30997353 | J50: =IF(AND(_slice!$H$5=1,J$41>=_slice!$H$6-0.000000001,J$41<=_slice!$I$6+0.000000001,$B50>=_slice!$H$7-0.000000001,$B50<=_slice!$I$7+0.000000001,IF(01_因子設定!$B$20="Box-Behnken",J$41^2+$B50^2+_slice!$H$8<=2+0.000000001,TRUE())),IF(01_因子設定!$B$13="最大化",(_slice!J91-04_回帰ANOVA!$K$19*04_回帰ANOVA!$K$14*SQRT(1+_slice!J116))-01_因子設定!$B$14,IF(01_因子設定!$B$13="最小化",01_因子設定!$B$15-(_slice!J91+04_回帰ANOVA!$K$19*04_回帰ANOVA!$K$14*SQRT(1+_slice!J116)),MIN((_slice!J91-04_回帰ANOVA!$K$19*04_回帰ANOVA!$K$14*SQRT(1+_slice!J116))-01_因子設定!$B$14,01_因子設定!$B$15-(_slice!J91+04_回帰ANOVA!$K$19*04_回帰ANOVA!$K$14*SQRT(1+_slice!J116))))),"外") -> 0.078928268 | ... W50: =IF(AND(_slice!$H$5=1,W$41>=_slice!$H$6-0.000000001,W$41<=_slice!$I$6+0.000000001,$B50>=_slice!$H$7-0.000000001,$B50<=_slice!$I$7+0.000000001,IF(01_因子設定!$B$20="Box-Behnken",W$41^2+$B50^2+_slice!$H$8<=2+0.000000001,TRUE())),IF(01_因子設定!$B$13="最大化",(_slice!W91-04_回帰ANOVA!$K$19*04_回帰ANOVA!$K$14*SQRT(1+_slice!W116))-01_因子設定!$B$14,IF(01_因子設定!$B$13="最小化",01_因子設定!$B$15-(_slice!W91+04_回帰ANOVA!$K$19*04_回帰ANOVA!$K$14*SQRT(1+_slice!W116)),MIN((_slice!W91-04_回帰ANOVA!$K$19*04_回帰ANOVA!$K$14*SQRT(1+_slice!W116))-01_因子設定!$B$14,01_因子設定!$B$15-(_slice!W91+04_回帰ANOVA!$K$19*04_回帰ANOVA!$K$14*SQRT(1+_slice!W116))))),"外") -> 0.26210798
A51: =INDEX(01_因子設定!$G$5:$G$8,$C$5)+B51*INDEX(01_因子設定!$H$5:$H$8,$C$5) -> 32 | B51: 0.2 | C51: =IF(AND(_slice!$H$5=1,C$41>=_slice!$H$6-0.000000001,C$41<=_slice!$I$6+0.000000001,$B51>=_slice!$H$7-0.000000001,$B51<=_slice!$I$7+0.000000001,IF(01_因子設定!$B$20="Box-Behnken",C$41^2+$B51^2+_slice!$H$8<=2+0.000000001,TRUE())),IF(01_因子設定!$B$13="最大化",(_slice!C92-04_回帰ANOVA!$K$19*04_回帰ANOVA!$K$14*SQRT(1+_slice!C117))-01_因子設定!$B$14,IF(01_因子設定!$B$13="最小化",01_因子設定!$B$15-(_slice!C92+04_回帰ANOVA!$K$19*04_回帰ANOVA!$K$14*SQRT(1+_slice!C117)),MIN((_slice!C92-04_回帰ANOVA!$K$19*04_回帰ANOVA!$K$14*SQRT(1+_slice!C117))-01_因子設定!$B$14,01_因子設定!$B$15-(_slice!C92+04_回帰ANOVA!$K$19*04_回帰ANOVA!$K$14*SQRT(1+_slice!C117))))),"外") -> -3.8771495 | D51: =IF(AND(_slice!$H$5=1,D$41>=_slice!$H$6-0.000000001,D$41<=_slice!$I$6+0.000000001,$B51>=_slice!$H$7-0.000000001,$B51<=_slice!$I$7+0.000000001,IF(01_因子設定!$B$20="Box-Behnken",D$41^2+$B51^2+_slice!$H$8<=2+0.000000001,TRUE())),IF(01_因子設定!$B$13="最大化",(_slice!D92-04_回帰ANOVA!$K$19*04_回帰ANOVA!$K$14*SQRT(1+_slice!D117))-01_因子設定!$B$14,IF(01_因子設定!$B$13="最小化",01_因子設定!$B$15-(_slice!D92+04_回帰ANOVA!$K$19*04_回帰ANOVA!$K$14*SQRT(1+_slice!D117)),MIN((_slice!D92-04_回帰ANOVA!$K$19*04_回帰ANOVA!$K$14*SQRT(1+_slice!D117))-01_因子設定!$B$14,01_因子設定!$B$15-(_slice!D92+04_回帰ANOVA!$K$19*04_回帰ANOVA!$K$14*SQRT(1+_slice!D117))))),"外") -> -3.1250134 | E51: =IF(AND(_slice!$H$5=1,E$41>=_slice!$H$6-0.000000001,E$41<=_slice!$I$6+0.000000001,$B51>=_slice!$H$7-0.000000001,$B51<=_slice!$I$7+0.000000001,IF(01_因子設定!$B$20="Box-Behnken",E$41^2+$B51^2+_slice!$H$8<=2+0.000000001,TRUE())),IF(01_因子設定!$B$13="最大化",(_slice!E92-04_回帰ANOVA!$K$19*04_回帰ANOVA!$K$14*SQRT(1+_slice!E117))-01_因子設定!$B$14,IF(01_因子設定!$B$13="最小化",01_因子設定!$B$15-(_slice!E92+04_回帰ANOVA!$K$19*04_回帰ANOVA!$K$14*SQRT(1+_slice!E117)),MIN((_slice!E92-04_回帰ANOVA!$K$19*04_回帰ANOVA!$K$14*SQRT(1+_slice!E117))-01_因子設定!$B$14,01_因子設定!$B$15-(_slice!E92+04_回帰ANOVA!$K$19*04_回帰ANOVA!$K$14*SQRT(1+_slice!E117))))),"外") -> -2.4427795 | F51: =IF(AND(_slice!$H$5=1,F$41>=_slice!$H$6-0.000000001,F$41<=_slice!$I$6+0.000000001,$B51>=_slice!$H$7-0.000000001,$B51<=_slice!$I$7+0.000000001,IF(01_因子設定!$B$20="Box-Behnken",F$41^2+$B51^2+_slice!$H$8<=2+0.000000001,TRUE())),IF(01_因子設定!$B$13="最大化",(_slice!F92-04_回帰ANOVA!$K$19*04_回帰ANOVA!$K$14*SQRT(1+_slice!F117))-01_因子設定!$B$14,IF(01_因子設定!$B$13="最小化",01_因子設定!$B$15-(_slice!F92+04_回帰ANOVA!$K$19*04_回帰ANOVA!$K$14*SQRT(1+_slice!F117)),MIN((_slice!F92-04_回帰ANOVA!$K$19*04_回帰ANOVA!$K$14*SQRT(1+_slice!F117))-01_因子設定!$B$14,01_因子設定!$B$15-(_slice!F92+04_回帰ANOVA!$K$19*04_回帰ANOVA!$K$14*SQRT(1+_slice!F117))))),"外") -> -1.8275262 | G51: =IF(AND(_slice!$H$5=1,G$41>=_slice!$H$6-0.000000001,G$41<=_slice!$I$6+0.000000001,$B51>=_slice!$H$7-0.000000001,$B51<=_slice!$I$7+0.000000001,IF(01_因子設定!$B$20="Box-Behnken",G$41^2+$B51^2+_slice!$H$8<=2+0.000000001,TRUE())),IF(01_因子設定!$B$13="最大化",(_slice!G92-04_回帰ANOVA!$K$19*04_回帰ANOVA!$K$14*SQRT(1+_slice!G117))-01_因子設定!$B$14,IF(01_因子設定!$B$13="最小化",01_因子設定!$B$15-(_slice!G92+04_回帰ANOVA!$K$19*04_回帰ANOVA!$K$14*SQRT(1+_slice!G117)),MIN((_slice!G92-04_回帰ANOVA!$K$19*04_回帰ANOVA!$K$14*SQRT(1+_slice!G117))-01_因子設定!$B$14,01_因子設定!$B$15-(_slice!G92+04_回帰ANOVA!$K$19*04_回帰ANOVA!$K$14*SQRT(1+_slice!G117))))),"外") -> -1.2760606 | H51: =IF(AND(_slice!$H$5=1,H$41>=_slice!$H$6-0.000000001,H$41<=_slice!$I$6+0.000000001,$B51>=_slice!$H$7-0.000000001,$B51<=_slice!$I$7+0.000000001,IF(01_因子設定!$B$20="Box-Behnken",H$41^2+$B51^2+_slice!$H$8<=2+0.000000001,TRUE())),IF(01_因子設定!$B$13="最大化",(_slice!H92-04_回帰ANOVA!$K$19*04_回帰ANOVA!$K$14*SQRT(1+_slice!H117))-01_因子設定!$B$14,IF(01_因子設定!$B$13="最小化",01_因子設定!$B$15-(_slice!H92+04_回帰ANOVA!$K$19*04_回帰ANOVA!$K$14*SQRT(1+_slice!H117)),MIN((_slice!H92-04_回帰ANOVA!$K$19*04_回帰ANOVA!$K$14*SQRT(1+_slice!H117))-01_因子設定!$B$14,01_因子設定!$B$15-(_slice!H92+04_回帰ANOVA!$K$19*04_回帰ANOVA!$K$14*SQRT(1+_slice!H117))))),"外") -> -0.78520073 | I51: =IF(AND(_slice!$H$5=1,I$41>=_slice!$H$6-0.000000001,I$41<=_slice!$I$6+0.000000001,$B51>=_slice!$H$7-0.000000001,$B51<=_slice!$I$7+0.000000001,IF(01_因子設定!$B$20="Box-Behnken",I$41^2+$B51^2+_slice!$H$8<=2+0.000000001,TRUE())),IF(01_因子設定!$B$13="最大化",(_slice!I92-04_回帰ANOVA!$K$19*04_回帰ANOVA!$K$14*SQRT(1+_slice!I117))-01_因子設定!$B$14,IF(01_因子設定!$B$13="最小化",01_因子設定!$B$15-(_slice!I92+04_回帰ANOVA!$K$19*04_回帰ANOVA!$K$14*SQRT(1+_slice!I117)),MIN((_slice!I92-04_回帰ANOVA!$K$19*04_回帰ANOVA!$K$14*SQRT(1+_slice!I117))-01_因子設定!$B$14,01_因子設定!$B$15-(_slice!I92+04_回帰ANOVA!$K$19*04_回帰ANOVA!$K$14*SQRT(1+_slice!I117))))),"外") -> -0.35201885 | J51: =IF(AND(_slice!$H$5=1,J$41>=_slice!$H$6-0.000000001,J$41<=_slice!$I$6+0.000000001,$B51>=_slice!$H$7-0.000000001,$B51<=_slice!$I$7+0.000000001,IF(01_因子設定!$B$20="Box-Behnken",J$41^2+$B51^2+_slice!$H$8<=2+0.000000001,TRUE())),IF(01_因子設定!$B$13="最大化",(_slice!J92-04_回帰ANOVA!$K$19*04_回帰ANOVA!$K$14*SQRT(1+_slice!J117))-01_因子設定!$B$14,IF(01_因子設定!$B$13="最小化",01_因子設定!$B$15-(_slice!J92+04_回帰ANOVA!$K$19*04_回帰ANOVA!$K$14*SQRT(1+_slice!J117)),MIN((_slice!J92-04_回帰ANOVA!$K$19*04_回帰ANOVA!$K$14*SQRT(1+_slice!J117))-01_因子設定!$B$14,01_因子設定!$B$15-(_slice!J92+04_回帰ANOVA!$K$19*04_回帰ANOVA!$K$14*SQRT(1+_slice!J117))))),"外") -> 0.02598831 | ... W51: =IF(AND(_slice!$H$5=1,W$41>=_slice!$H$6-0.000000001,W$41<=_slice!$I$6+0.000000001,$B51>=_slice!$H$7-0.000000001,$B51<=_slice!$I$7+0.000000001,IF(01_因子設定!$B$20="Box-Behnken",W$41^2+$B51^2+_slice!$H$8<=2+0.000000001,TRUE())),IF(01_因子設定!$B$13="最大化",(_slice!W92-04_回帰ANOVA!$K$19*04_回帰ANOVA!$K$14*SQRT(1+_slice!W117))-01_因子設定!$B$14,IF(01_因子設定!$B$13="最小化",01_因子設定!$B$15-(_slice!W92+04_回帰ANOVA!$K$19*04_回帰ANOVA!$K$14*SQRT(1+_slice!W117)),MIN((_slice!W92-04_回帰ANOVA!$K$19*04_回帰ANOVA!$K$14*SQRT(1+_slice!W117))-01_因子設定!$B$14,01_因子設定!$B$15-(_slice!W92+04_回帰ANOVA!$K$19*04_回帰ANOVA!$K$14*SQRT(1+_slice!W117))))),"外") -> 0.058961608
A52: =INDEX(01_因子設定!$G$5:$G$8,$C$5)+B52*INDEX(01_因子設定!$H$5:$H$8,$C$5) -> 31 | B52: 0.1 | C52: =IF(AND(_slice!$H$5=1,C$41>=_slice!$H$6-0.000000001,C$41<=_slice!$I$6+0.000000001,$B52>=_slice!$H$7-0.000000001,$B52<=_slice!$I$7+0.000000001,IF(01_因子設定!$B$20="Box-Behnken",C$41^2+$B52^2+_slice!$H$8<=2+0.000000001,TRUE())),IF(01_因子設定!$B$13="最大化",(_slice!C93-04_回帰ANOVA!$K$19*04_回帰ANOVA!$K$14*SQRT(1+_slice!C118))-01_因子設定!$B$14,IF(01_因子設定!$B$13="最小化",01_因子設定!$B$15-(_slice!C93+04_回帰ANOVA!$K$19*04_回帰ANOVA!$K$14*SQRT(1+_slice!C118)),MIN((_slice!C93-04_回帰ANOVA!$K$19*04_回帰ANOVA!$K$14*SQRT(1+_slice!C118))-01_因子設定!$B$14,01_因子設定!$B$15-(_slice!C93+04_回帰ANOVA!$K$19*04_回帰ANOVA!$K$14*SQRT(1+_slice!C118))))),"外") -> -3.9053097 | D52: =IF(AND(_slice!$H$5=1,D$41>=_slice!$H$6-0.000000001,D$41<=_slice!$I$6+0.000000001,$B52>=_slice!$H$7-0.000000001,$B52<=_slice!$I$7+0.000000001,IF(01_因子設定!$B$20="Box-Behnken",D$41^2+$B52^2+_slice!$H$8<=2+0.000000001,TRUE())),IF(01_因子設定!$B$13="最大化",(_slice!D93-04_回帰ANOVA!$K$19*04_回帰ANOVA!$K$14*SQRT(1+_slice!D118))-01_因子設定!$B$14,IF(01_因子設定!$B$13="最小化",01_因子設定!$B$15-(_slice!D93+04_回帰ANOVA!$K$19*04_回帰ANOVA!$K$14*SQRT(1+_slice!D118)),MIN((_slice!D93-04_回帰ANOVA!$K$19*04_回帰ANOVA!$K$14*SQRT(1+_slice!D118))-01_因子設定!$B$14,01_因子設定!$B$15-(_slice!D93+04_回帰ANOVA!$K$19*04_回帰ANOVA!$K$14*SQRT(1+_slice!D118))))),"外") -> -3.1640479 | E52: =IF(AND(_slice!$H$5=1,E$41>=_slice!$H$6-0.000000001,E$41<=_slice!$I$6+0.000000001,$B52>=_slice!$H$7-0.000000001,$B52<=_slice!$I$7+0.000000001,IF(01_因子設定!$B$20="Box-Behnken",E$41^2+$B52^2+_slice!$H$8<=2+0.000000001,TRUE())),IF(01_因子設定!$B$13="最大化",(_slice!E93-04_回帰ANOVA!$K$19*04_回帰ANOVA!$K$14*SQRT(1+_slice!E118))-01_因子設定!$B$14,IF(01_因子設定!$B$13="最小化",01_因子設定!$B$15-(_slice!E93+04_回帰ANOVA!$K$19*04_回帰ANOVA!$K$14*SQRT(1+_slice!E118)),MIN((_slice!E93-04_回帰ANOVA!$K$19*04_回帰ANOVA!$K$14*SQRT(1+_slice!E118))-01_因子設定!$B$14,01_因子設定!$B$15-(_slice!E93+04_回帰ANOVA!$K$19*04_回帰ANOVA!$K$14*SQRT(1+_slice!E118))))),"外") -> -2.492676 | F52: =IF(AND(_slice!$H$5=1,F$41>=_slice!$H$6-0.000000001,F$41<=_slice!$I$6+0.000000001,$B52>=_slice!$H$7-0.000000001,$B52<=_slice!$I$7+0.000000001,IF(01_因子設定!$B$20="Box-Behnken",F$41^2+$B52^2+_slice!$H$8<=2+0.000000001,TRUE())),IF(01_因子設定!$B$13="最大化",(_slice!F93-04_回帰ANOVA!$K$19*04_回帰ANOVA!$K$14*SQRT(1+_slice!F118))-01_因子設定!$B$14,IF(01_因子設定!$B$13="最小化",01_因子設定!$B$15-(_slice!F93+04_回帰ANOVA!$K$19*04_回帰ANOVA!$K$14*SQRT(1+_slice!F118)),MIN((_slice!F93-04_回帰ANOVA!$K$19*04_回帰ANOVA!$K$14*SQRT(1+_slice!F118))-01_因子設定!$B$14,01_因子設定!$B$15-(_slice!F93+04_回帰ANOVA!$K$19*04_回帰ANOVA!$K$14*SQRT(1+_slice!F118))))),"外") -> -1.8882912 | G52: =IF(AND(_slice!$H$5=1,G$41>=_slice!$H$6-0.000000001,G$41<=_slice!$I$6+0.000000001,$B52>=_slice!$H$7-0.000000001,$B52<=_slice!$I$7+0.000000001,IF(01_因子設定!$B$20="Box-Behnken",G$41^2+$B52^2+_slice!$H$8<=2+0.000000001,TRUE())),IF(01_因子設定!$B$13="最大化",(_slice!G93-04_回帰ANOVA!$K$19*04_回帰ANOVA!$K$14*SQRT(1+_slice!G118))-01_因子設定!$B$14,IF(01_因子設定!$B$13="最小化",01_因子設定!$B$15-(_slice!G93+04_回帰ANOVA!$K$19*04_回帰ANOVA!$K$14*SQRT(1+_slice!G118)),MIN((_slice!G93-04_回帰ANOVA!$K$19*04_回帰ANOVA!$K$14*SQRT(1+_slice!G118))-01_因子設定!$B$14,01_因子設定!$B$15-(_slice!G93+04_回帰ANOVA!$K$19*04_回帰ANOVA!$K$14*SQRT(1+_slice!G118))))),"外") -> -1.3477185 | H52: =IF(AND(_slice!$H$5=1,H$41>=_slice!$H$6-0.000000001,H$41<=_slice!$I$6+0.000000001,$B52>=_slice!$H$7-0.000000001,$B52<=_slice!$I$7+0.000000001,IF(01_因子設定!$B$20="Box-Behnken",H$41^2+$B52^2+_slice!$H$8<=2+0.000000001,TRUE())),IF(01_因子設定!$B$13="最大化",(_slice!H93-04_回帰ANOVA!$K$19*04_回帰ANOVA!$K$14*SQRT(1+_slice!H118))-01_因子設定!$B$14,IF(01_因子設定!$B$13="最小化",01_因子設定!$B$15-(_slice!H93+04_回帰ANOVA!$K$19*04_回帰ANOVA!$K$14*SQRT(1+_slice!H118)),MIN((_slice!H93-04_回帰ANOVA!$K$19*04_回帰ANOVA!$K$14*SQRT(1+_slice!H118))-01_因子設定!$B$14,01_因子設定!$B$15-(_slice!H93+04_回帰ANOVA!$K$19*04_回帰ANOVA!$K$14*SQRT(1+_slice!H118))))),"外") -> -0.86779072 | I52: =IF(AND(_slice!$H$5=1,I$41>=_slice!$H$6-0.000000001,I$41<=_slice!$I$6+0.000000001,$B52>=_slice!$H$7-0.000000001,$B52<=_slice!$I$7+0.000000001,IF(01_因子設定!$B$20="Box-Behnken",I$41^2+$B52^2+_slice!$H$8<=2+0.000000001,TRUE())),IF(01_因子設定!$B$13="最大化",(_slice!I93-04_回帰ANOVA!$K$19*04_回帰ANOVA!$K$14*SQRT(1+_slice!I118))-01_因子設定!$B$14,IF(01_因子設定!$B$13="最小化",01_因子設定!$B$15-(_slice!I93+04_回帰ANOVA!$K$19*04_回帰ANOVA!$K$14*SQRT(1+_slice!I118)),MIN((_slice!I93-04_回帰ANOVA!$K$19*04_回帰ANOVA!$K$14*SQRT(1+_slice!I118))-01_因子設定!$B$14,01_因子設定!$B$15-(_slice!I93+04_回帰ANOVA!$K$19*04_回帰ANOVA!$K$14*SQRT(1+_slice!I118))))),"外") -> -0.44559035 | J52: =IF(AND(_slice!$H$5=1,J$41>=_slice!$H$6-0.000000001,J$41<=_slice!$I$6+0.000000001,$B52>=_slice!$H$7-0.000000001,$B52<=_slice!$I$7+0.000000001,IF(01_因子設定!$B$20="Box-Behnken",J$41^2+$B52^2+_slice!$H$8<=2+0.000000001,TRUE())),IF(01_因子設定!$B$13="最大化",(_slice!J93-04_回帰ANOVA!$K$19*04_回帰ANOVA!$K$14*SQRT(1+_slice!J118))-01_因子設定!$B$14,IF(01_因子設定!$B$13="最小化",01_因子設定!$B$15-(_slice!J93+04_回帰ANOVA!$K$19*04_回帰ANOVA!$K$14*SQRT(1+_slice!J118)),MIN((_slice!J93-04_回帰ANOVA!$K$19*04_回帰ANOVA!$K$14*SQRT(1+_slice!J118))-01_因子設定!$B$14,01_因子設定!$B$15-(_slice!J93+04_回帰ANOVA!$K$19*04_回帰ANOVA!$K$14*SQRT(1+_slice!J118))))),"外") -> -0.078620611 | ... W52: =IF(AND(_slice!$H$5=1,W$41>=_slice!$H$6-0.000000001,W$41<=_slice!$I$6+0.000000001,$B52>=_slice!$H$7-0.000000001,$B52<=_slice!$I$7+0.000000001,IF(01_因子設定!$B$20="Box-Behnken",W$41^2+$B52^2+_slice!$H$8<=2+0.000000001,TRUE())),IF(01_因子設定!$B$13="最大化",(_slice!W93-04_回帰ANOVA!$K$19*04_回帰ANOVA!$K$14*SQRT(1+_slice!W118))-01_因子設定!$B$14,IF(01_因子設定!$B$13="最小化",01_因子設定!$B$15-(_slice!W93+04_回帰ANOVA!$K$19*04_回帰ANOVA!$K$14*SQRT(1+_slice!W118)),MIN((_slice!W93-04_回帰ANOVA!$K$19*04_回帰ANOVA!$K$14*SQRT(1+_slice!W118))-01_因子設定!$B$14,01_因子設定!$B$15-(_slice!W93+04_回帰ANOVA!$K$19*04_回帰ANOVA!$K$14*SQRT(1+_slice!W118))))),"外") -> -0.19419854
A53: =INDEX(01_因子設定!$G$5:$G$8,$C$5)+B53*INDEX(01_因子設定!$H$5:$H$8,$C$5) -> 30 | B53: 0 | C53: =IF(AND(_slice!$H$5=1,C$41>=_slice!$H$6-0.000000001,C$41<=_slice!$I$6+0.000000001,$B53>=_slice!$H$7-0.000000001,$B53<=_slice!$I$7+0.000000001,IF(01_因子設定!$B$20="Box-Behnken",C$41^2+$B53^2+_slice!$H$8<=2+0.000000001,TRUE())),IF(01_因子設定!$B$13="最大化",(_slice!C94-04_回帰ANOVA!$K$19*04_回帰ANOVA!$K$14*SQRT(1+_slice!C119))-01_因子設定!$B$14,IF(01_因子設定!$B$13="最小化",01_因子設定!$B$15-(_slice!C94+04_回帰ANOVA!$K$19*04_回帰ANOVA!$K$14*SQRT(1+_slice!C119)),MIN((_slice!C94-04_回帰ANOVA!$K$19*04_回帰ANOVA!$K$14*SQRT(1+_slice!C119))-01_因子設定!$B$14,01_因子設定!$B$15-(_slice!C94+04_回帰ANOVA!$K$19*04_回帰ANOVA!$K$14*SQRT(1+_slice!C119))))),"外") -> -3.9827412 | D53: =IF(AND(_slice!$H$5=1,D$41>=_slice!$H$6-0.000000001,D$41<=_slice!$I$6+0.000000001,$B53>=_slice!$H$7-0.000000001,$B53<=_slice!$I$7+0.000000001,IF(01_因子設定!$B$20="Box-Behnken",D$41^2+$B53^2+_slice!$H$8<=2+0.000000001,TRUE())),IF(01_因子設定!$B$13="最大化",(_slice!D94-04_回帰ANOVA!$K$19*04_回帰ANOVA!$K$14*SQRT(1+_slice!D119))-01_因子設定!$B$14,IF(01_因子設定!$B$13="最小化",01_因子設定!$B$15-(_slice!D94+04_回帰ANOVA!$K$19*04_回帰ANOVA!$K$14*SQRT(1+_slice!D119)),MIN((_slice!D94-04_回帰ANOVA!$K$19*04_回帰ANOVA!$K$14*SQRT(1+_slice!D119))-01_因子設定!$B$14,01_因子設定!$B$15-(_slice!D94+04_回帰ANOVA!$K$19*04_回帰ANOVA!$K$14*SQRT(1+_slice!D119))))),"外") -> -3.2526082 | E53: =IF(AND(_slice!$H$5=1,E$41>=_slice!$H$6-0.000000001,E$41<=_slice!$I$6+0.000000001,$B53>=_slice!$H$7-0.000000001,$B53<=_slice!$I$7+0.000000001,IF(01_因子設定!$B$20="Box-Behnken",E$41^2+$B53^2+_slice!$H$8<=2+0.000000001,TRUE())),IF(01_因子設定!$B$13="最大化",(_slice!E94-04_回帰ANOVA!$K$19*04_回帰ANOVA!$K$14*SQRT(1+_slice!E119))-01_因子設定!$B$14,IF(01_因子設定!$B$13="最小化",01_因子設定!$B$15-(_slice!E94+04_回帰ANOVA!$K$19*04_回帰ANOVA!$K$14*SQRT(1+_slice!E119)),MIN((_slice!E94-04_回帰ANOVA!$K$19*04_回帰ANOVA!$K$14*SQRT(1+_slice!E119))-01_因子設定!$B$14,01_因子設定!$B$15-(_slice!E94+04_回帰ANOVA!$K$19*04_回帰ANOVA!$K$14*SQRT(1+_slice!E119))))),"外") -> -2.59236 | F53: =IF(AND(_slice!$H$5=1,F$41>=_slice!$H$6-0.000000001,F$41<=_slice!$I$6+0.000000001,$B53>=_slice!$H$7-0.000000001,$B53<=_slice!$I$7+0.000000001,IF(01_因子設定!$B$20="Box-Behnken",F$41^2+$B53^2+_slice!$H$8<=2+0.000000001,TRUE())),IF(01_因子設定!$B$13="最大化",(_slice!F94-04_回帰ANOVA!$K$19*04_回帰ANOVA!$K$14*SQRT(1+_slice!F119))-01_因子設定!$B$14,IF(01_因子設定!$B$13="最小化",01_因子設定!$B$15-(_slice!F94+04_回帰ANOVA!$K$19*04_回帰ANOVA!$K$14*SQRT(1+_slice!F119)),MIN((_slice!F94-04_回帰ANOVA!$K$19*04_回帰ANOVA!$K$14*SQRT(1+_slice!F119))-01_因子設定!$B$14,01_因子設定!$B$15-(_slice!F94+04_回帰ANOVA!$K$19*04_回帰ANOVA!$K$14*SQRT(1+_slice!F119))))),"外") -> -1.9991004 | G53: =IF(AND(_slice!$H$5=1,G$41>=_slice!$H$6-0.000000001,G$41<=_slice!$I$6+0.000000001,$B53>=_slice!$H$7-0.000000001,$B53<=_slice!$I$7+0.000000001,IF(01_因子設定!$B$20="Box-Behnken",G$41^2+$B53^2+_slice!$H$8<=2+0.000000001,TRUE())),IF(01_因子設定!$B$13="最大化",(_slice!G94-04_回帰ANOVA!$K$19*04_回帰ANOVA!$K$14*SQRT(1+_slice!G119))-01_因子設定!$B$14,IF(01_因子設定!$B$13="最小化",01_因子設定!$B$15-(_slice!G94+04_回帰ANOVA!$K$19*04_回帰ANOVA!$K$14*SQRT(1+_slice!G119)),MIN((_slice!G94-04_回帰ANOVA!$K$19*04_回帰ANOVA!$K$14*SQRT(1+_slice!G119))-01_因子設定!$B$14,01_因子設定!$B$15-(_slice!G94+04_回帰ANOVA!$K$19*04_回帰ANOVA!$K$14*SQRT(1+_slice!G119))))),"外") -> -1.4696603 | H53: =IF(AND(_slice!$H$5=1,H$41>=_slice!$H$6-0.000000001,H$41<=_slice!$I$6+0.000000001,$B53>=_slice!$H$7-0.000000001,$B53<=_slice!$I$7+0.000000001,IF(01_因子設定!$B$20="Box-Behnken",H$41^2+$B53^2+_slice!$H$8<=2+0.000000001,TRUE())),IF(01_因子設定!$B$13="最大化",(_slice!H94-04_回帰ANOVA!$K$19*04_回帰ANOVA!$K$14*SQRT(1+_slice!H119))-01_因子設定!$B$14,IF(01_因子設定!$B$13="最小化",01_因子設定!$B$15-(_slice!H94+04_回帰ANOVA!$K$19*04_回帰ANOVA!$K$14*SQRT(1+_slice!H119)),MIN((_slice!H94-04_回帰ANOVA!$K$19*04_回帰ANOVA!$K$14*SQRT(1+_slice!H119))-01_因子設定!$B$14,01_因子設定!$B$15-(_slice!H94+04_回帰ANOVA!$K$19*04_回帰ANOVA!$K$14*SQRT(1+_slice!H119))))),"外") -> -1.0008774 | I53: =IF(AND(_slice!$H$5=1,I$41>=_slice!$H$6-0.000000001,I$41<=_slice!$I$6+0.000000001,$B53>=_slice!$H$7-0.000000001,$B53<=_slice!$I$7+0.000000001,IF(01_因子設定!$B$20="Box-Behnken",I$41^2+$B53^2+_slice!$H$8<=2+0.000000001,TRUE())),IF(01_因子設定!$B$13="最大化",(_slice!I94-04_回帰ANOVA!$K$19*04_回帰ANOVA!$K$14*SQRT(1+_slice!I119))-01_因子設定!$B$14,IF(01_因子設定!$B$13="最小化",01_因子設定!$B$15-(_slice!I94+04_回帰ANOVA!$K$19*04_回帰ANOVA!$K$14*SQRT(1+_slice!I119)),MIN((_slice!I94-04_回帰ANOVA!$K$19*04_回帰ANOVA!$K$14*SQRT(1+_slice!I119))-01_因子設定!$B$14,01_因子設定!$B$15-(_slice!I94+04_回帰ANOVA!$K$19*04_回帰ANOVA!$K$14*SQRT(1+_slice!I119))))),"外") -> -0.58983794 | J53: =IF(AND(_slice!$H$5=1,J$41>=_slice!$H$6-0.000000001,J$41<=_slice!$I$6+0.000000001,$B53>=_slice!$H$7-0.000000001,$B53<=_slice!$I$7+0.000000001,IF(01_因子設定!$B$20="Box-Behnken",J$41^2+$B53^2+_slice!$H$8<=2+0.000000001,TRUE())),IF(01_因子設定!$B$13="最大化",(_slice!J94-04_回帰ANOVA!$K$19*04_回帰ANOVA!$K$14*SQRT(1+_slice!J119))-01_因子設定!$B$14,IF(01_因子設定!$B$13="最小化",01_因子設定!$B$15-(_slice!J94+04_回帰ANOVA!$K$19*04_回帰ANOVA!$K$14*SQRT(1+_slice!J119)),MIN((_slice!J94-04_回帰ANOVA!$K$19*04_回帰ANOVA!$K$14*SQRT(1+_slice!J119))-01_因子設定!$B$14,01_因子設定!$B$15-(_slice!J94+04_回帰ANOVA!$K$19*04_回帰ANOVA!$K$14*SQRT(1+_slice!J119))))),"外") -> -0.23404749 | ... W53: =IF(AND(_slice!$H$5=1,W$41>=_slice!$H$6-0.000000001,W$41<=_slice!$I$6+0.000000001,$B53>=_slice!$H$7-0.000000001,$B53<=_slice!$I$7+0.000000001,IF(01_因子設定!$B$20="Box-Behnken",W$41^2+$B53^2+_slice!$H$8<=2+0.000000001,TRUE())),IF(01_因子設定!$B$13="最大化",(_slice!W94-04_回帰ANOVA!$K$19*04_回帰ANOVA!$K$14*SQRT(1+_slice!W119))-01_因子設定!$B$14,IF(01_因子設定!$B$13="最小化",01_因子設定!$B$15-(_slice!W94+04_回帰ANOVA!$K$19*04_回帰ANOVA!$K$14*SQRT(1+_slice!W119)),MIN((_slice!W94-04_回帰ANOVA!$K$19*04_回帰ANOVA!$K$14*SQRT(1+_slice!W119))-01_因子設定!$B$14,01_因子設定!$B$15-(_slice!W94+04_回帰ANOVA!$K$19*04_回帰ANOVA!$K$14*SQRT(1+_slice!W119))))),"外") -> -0.49663008
A54: =INDEX(01_因子設定!$G$5:$G$8,$C$5)+B54*INDEX(01_因子設定!$H$5:$H$8,$C$5) -> 29 | B54: -0.1 | C54: =IF(AND(_slice!$H$5=1,C$41>=_slice!$H$6-0.000000001,C$41<=_slice!$I$6+0.000000001,$B54>=_slice!$H$7-0.000000001,$B54<=_slice!$I$7+0.000000001,IF(01_因子設定!$B$20="Box-Behnken",C$41^2+$B54^2+_slice!$H$8<=2+0.000000001,TRUE())),IF(01_因子設定!$B$13="最大化",(_slice!C95-04_回帰ANOVA!$K$19*04_回帰ANOVA!$K$14*SQRT(1+_slice!C120))-01_因子設定!$B$14,IF(01_因子設定!$B$13="最小化",01_因子設定!$B$15-(_slice!C95+04_回帰ANOVA!$K$19*04_回帰ANOVA!$K$14*SQRT(1+_slice!C120)),MIN((_slice!C95-04_回帰ANOVA!$K$19*04_回帰ANOVA!$K$14*SQRT(1+_slice!C120))-01_因子設定!$B$14,01_因子設定!$B$15-(_slice!C95+04_回帰ANOVA!$K$19*04_回帰ANOVA!$K$14*SQRT(1+_slice!C120))))),"外") -> -4.1091985 | D54: =IF(AND(_slice!$H$5=1,D$41>=_slice!$H$6-0.000000001,D$41<=_slice!$I$6+0.000000001,$B54>=_slice!$H$7-0.000000001,$B54<=_slice!$I$7+0.000000001,IF(01_因子設定!$B$20="Box-Behnken",D$41^2+$B54^2+_slice!$H$8<=2+0.000000001,TRUE())),IF(01_因子設定!$B$13="最大化",(_slice!D95-04_回帰ANOVA!$K$19*04_回帰ANOVA!$K$14*SQRT(1+_slice!D120))-01_因子設定!$B$14,IF(01_因子設定!$B$13="最小化",01_因子設定!$B$15-(_slice!D95+04_回帰ANOVA!$K$19*04_回帰ANOVA!$K$14*SQRT(1+_slice!D120)),MIN((_slice!D95-04_回帰ANOVA!$K$19*04_回帰ANOVA!$K$14*SQRT(1+_slice!D120))-01_因子設定!$B$14,01_因子設定!$B$15-(_slice!D95+04_回帰ANOVA!$K$19*04_回帰ANOVA!$K$14*SQRT(1+_slice!D120))))),"外") -> -3.3904368 | E54: =IF(AND(_slice!$H$5=1,E$41>=_slice!$H$6-0.000000001,E$41<=_slice!$I$6+0.000000001,$B54>=_slice!$H$7-0.000000001,$B54<=_slice!$I$7+0.000000001,IF(01_因子設定!$B$20="Box-Behnken",E$41^2+$B54^2+_slice!$H$8<=2+0.000000001,TRUE())),IF(01_因子設定!$B$13="最大化",(_slice!E95-04_回帰ANOVA!$K$19*04_回帰ANOVA!$K$14*SQRT(1+_slice!E120))-01_因子設定!$B$14,IF(01_因子設定!$B$13="最小化",01_因子設定!$B$15-(_slice!E95+04_回帰ANOVA!$K$19*04_回帰ANOVA!$K$14*SQRT(1+_slice!E120)),MIN((_slice!E95-04_回帰ANOVA!$K$19*04_回帰ANOVA!$K$14*SQRT(1+_slice!E120))-01_因子設定!$B$14,01_因子設定!$B$15-(_slice!E95+04_回帰ANOVA!$K$19*04_回帰ANOVA!$K$14*SQRT(1+_slice!E120))))),"外") -> -2.7415649 | F54: =IF(AND(_slice!$H$5=1,F$41>=_slice!$H$6-0.000000001,F$41<=_slice!$I$6+0.000000001,$B54>=_slice!$H$7-0.000000001,$B54<=_slice!$I$7+0.000000001,IF(01_因子設定!$B$20="Box-Behnken",F$41^2+$B54^2+_slice!$H$8<=2+0.000000001,TRUE())),IF(01_因子設定!$B$13="最大化",(_slice!F95-04_回帰ANOVA!$K$19*04_回帰ANOVA!$K$14*SQRT(1+_slice!F120))-01_因子設定!$B$14,IF(01_因子設定!$B$13="最小化",01_因子設定!$B$15-(_slice!F95+04_回帰ANOVA!$K$19*04_回帰ANOVA!$K$14*SQRT(1+_slice!F120)),MIN((_slice!F95-04_回帰ANOVA!$K$19*04_回帰ANOVA!$K$14*SQRT(1+_slice!F120))-01_因子設定!$B$14,01_因子設定!$B$15-(_slice!F95+04_回帰ANOVA!$K$19*04_回帰ANOVA!$K$14*SQRT(1+_slice!F120))))),"外") -> -2.1596801 | G54: =IF(AND(_slice!$H$5=1,G$41>=_slice!$H$6-0.000000001,G$41<=_slice!$I$6+0.000000001,$B54>=_slice!$H$7-0.000000001,$B54<=_slice!$I$7+0.000000001,IF(01_因子設定!$B$20="Box-Behnken",G$41^2+$B54^2+_slice!$H$8<=2+0.000000001,TRUE())),IF(01_因子設定!$B$13="最大化",(_slice!G95-04_回帰ANOVA!$K$19*04_回帰ANOVA!$K$14*SQRT(1+_slice!G120))-01_因子設定!$B$14,IF(01_因子設定!$B$13="最小化",01_因子設定!$B$15-(_slice!G95+04_回帰ANOVA!$K$19*04_回帰ANOVA!$K$14*SQRT(1+_slice!G120)),MIN((_slice!G95-04_回帰ANOVA!$K$19*04_回帰ANOVA!$K$14*SQRT(1+_slice!G120))-01_因子設定!$B$14,01_因子設定!$B$15-(_slice!G95+04_回帰ANOVA!$K$19*04_回帰ANOVA!$K$14*SQRT(1+_slice!G120))))),"外") -> -1.6416074 | H54: =IF(AND(_slice!$H$5=1,H$41>=_slice!$H$6-0.000000001,H$41<=_slice!$I$6+0.000000001,$B54>=_slice!$H$7-0.000000001,$B54<=_slice!$I$7+0.000000001,IF(01_因子設定!$B$20="Box-Behnken",H$41^2+$B54^2+_slice!$H$8<=2+0.000000001,TRUE())),IF(01_因子設定!$B$13="最大化",(_slice!H95-04_回帰ANOVA!$K$19*04_回帰ANOVA!$K$14*SQRT(1+_slice!H120))-01_因子設定!$B$14,IF(01_因子設定!$B$13="最小化",01_因子設定!$B$15-(_slice!H95+04_回帰ANOVA!$K$19*04_回帰ANOVA!$K$14*SQRT(1+_slice!H120)),MIN((_slice!H95-04_回帰ANOVA!$K$19*04_回帰ANOVA!$K$14*SQRT(1+_slice!H120))-01_因子設定!$B$14,01_因子設定!$B$15-(_slice!H95+04_回帰ANOVA!$K$19*04_回帰ANOVA!$K$14*SQRT(1+_slice!H120))))),"外") -> -1.1841796 | I54: =IF(AND(_slice!$H$5=1,I$41>=_slice!$H$6-0.000000001,I$41<=_slice!$I$6+0.000000001,$B54>=_slice!$H$7-0.000000001,$B54<=_slice!$I$7+0.000000001,IF(01_因子設定!$B$20="Box-Behnken",I$41^2+$B54^2+_slice!$H$8<=2+0.000000001,TRUE())),IF(01_因子設定!$B$13="最大化",(_slice!I95-04_回帰ANOVA!$K$19*04_回帰ANOVA!$K$14*SQRT(1+_slice!I120))-01_因子設定!$B$14,IF(01_因子設定!$B$13="最小化",01_因子設定!$B$15-(_slice!I95+04_回帰ANOVA!$K$19*04_回帰ANOVA!$K$14*SQRT(1+_slice!I120)),MIN((_slice!I95-04_回帰ANOVA!$K$19*04_回帰ANOVA!$K$14*SQRT(1+_slice!I120))-01_因子設定!$B$14,01_因子設定!$B$15-(_slice!I95+04_回帰ANOVA!$K$19*04_回帰ANOVA!$K$14*SQRT(1+_slice!I120))))),"外") -> -0.78447924 | J54: =IF(AND(_slice!$H$5=1,J$41>=_slice!$H$6-0.000000001,J$41<=_slice!$I$6+0.000000001,$B54>=_slice!$H$7-0.000000001,$B54<=_slice!$I$7+0.000000001,IF(01_因子設定!$B$20="Box-Behnken",J$41^2+$B54^2+_slice!$H$8<=2+0.000000001,TRUE())),IF(01_因子設定!$B$13="最大化",(_slice!J95-04_回帰ANOVA!$K$19*04_回帰ANOVA!$K$14*SQRT(1+_slice!J120))-01_因子設定!$B$14,IF(01_因子設定!$B$13="最小化",01_因子設定!$B$15-(_slice!J95+04_回帰ANOVA!$K$19*04_回帰ANOVA!$K$14*SQRT(1+_slice!J120)),MIN((_slice!J95-04_回帰ANOVA!$K$19*04_回帰ANOVA!$K$14*SQRT(1+_slice!J120))-01_因子設定!$B$14,01_因子設定!$B$15-(_slice!J95+04_回帰ANOVA!$K$19*04_回帰ANOVA!$K$14*SQRT(1+_slice!J120))))),"外") -> -0.4400095 | ... W54: =IF(AND(_slice!$H$5=1,W$41>=_slice!$H$6-0.000000001,W$41<=_slice!$I$6+0.000000001,$B54>=_slice!$H$7-0.000000001,$B54<=_slice!$I$7+0.000000001,IF(01_因子設定!$B$20="Box-Behnken",W$41^2+$B54^2+_slice!$H$8<=2+0.000000001,TRUE())),IF(01_因子設定!$B$13="最大化",(_slice!W95-04_回帰ANOVA!$K$19*04_回帰ANOVA!$K$14*SQRT(1+_slice!W120))-01_因子設定!$B$14,IF(01_因子設定!$B$13="最小化",01_因子設定!$B$15-(_slice!W95+04_回帰ANOVA!$K$19*04_回帰ANOVA!$K$14*SQRT(1+_slice!W120)),MIN((_slice!W95-04_回帰ANOVA!$K$19*04_回帰ANOVA!$K$14*SQRT(1+_slice!W120))-01_因子設定!$B$14,01_因子設定!$B$15-(_slice!W95+04_回帰ANOVA!$K$19*04_回帰ANOVA!$K$14*SQRT(1+_slice!W120))))),"外") -> -0.84808743
... A63: =INDEX(01_因子設定!$G$5:$G$8,$C$5)+B63*INDEX(01_因子設定!$H$5:$H$8,$C$5) -> 20 | B63: -1 | C63: =IF(AND(_slice!$H$5=1,C$41>=_slice!$H$6-0.000000001,C$41<=_slice!$I$6+0.000000001,$B63>=_slice!$H$7-0.000000001,$B63<=_slice!$I$7+0.000000001,IF(01_因子設定!$B$20="Box-Behnken",C$41^2+$B63^2+_slice!$H$8<=2+0.000000001,TRUE())),IF(01_因子設定!$B$13="最大化",(_slice!C104-04_回帰ANOVA!$K$19*04_回帰ANOVA!$K$14*SQRT(1+_slice!C129))-01_因子設定!$B$14,IF(01_因子設定!$B$13="最小化",01_因子設定!$B$15-(_slice!C104+04_回帰ANOVA!$K$19*04_回帰ANOVA!$K$14*SQRT(1+_slice!C129)),MIN((_slice!C104-04_回帰ANOVA!$K$19*04_回帰ANOVA!$K$14*SQRT(1+_slice!C129))-01_因子設定!$B$14,01_因子設定!$B$15-(_slice!C104+04_回帰ANOVA!$K$19*04_回帰ANOVA!$K$14*SQRT(1+_slice!C129))))),"外") -> -7.6591421 | D63: =IF(AND(_slice!$H$5=1,D$41>=_slice!$H$6-0.000000001,D$41<=_slice!$I$6+0.000000001,$B63>=_slice!$H$7-0.000000001,$B63<=_slice!$I$7+0.000000001,IF(01_因子設定!$B$20="Box-Behnken",D$41^2+$B63^2+_slice!$H$8<=2+0.000000001,TRUE())),IF(01_因子設定!$B$13="最大化",(_slice!D104-04_回帰ANOVA!$K$19*04_回帰ANOVA!$K$14*SQRT(1+_slice!D129))-01_因子設定!$B$14,IF(01_因子設定!$B$13="最小化",01_因子設定!$B$15-(_slice!D104+04_回帰ANOVA!$K$19*04_回帰ANOVA!$K$14*SQRT(1+_slice!D129)),MIN((_slice!D104-04_回帰ANOVA!$K$19*04_回帰ANOVA!$K$14*SQRT(1+_slice!D129))-01_因子設定!$B$14,01_因子設定!$B$15-(_slice!D104+04_回帰ANOVA!$K$19*04_回帰ANOVA!$K$14*SQRT(1+_slice!D129))))),"外") -> -7.0614385 | E63: =IF(AND(_slice!$H$5=1,E$41>=_slice!$H$6-0.000000001,E$41<=_slice!$I$6+0.000000001,$B63>=_slice!$H$7-0.000000001,$B63<=_slice!$I$7+0.000000001,IF(01_因子設定!$B$20="Box-Behnken",E$41^2+$B63^2+_slice!$H$8<=2+0.000000001,TRUE())),IF(01_因子設定!$B$13="最大化",(_slice!E104-04_回帰ANOVA!$K$19*04_回帰ANOVA!$K$14*SQRT(1+_slice!E129))-01_因子設定!$B$14,IF(01_因子設定!$B$13="最小化",01_因子設定!$B$15-(_slice!E104+04_回帰ANOVA!$K$19*04_回帰ANOVA!$K$14*SQRT(1+_slice!E129)),MIN((_slice!E104-04_回帰ANOVA!$K$19*04_回帰ANOVA!$K$14*SQRT(1+_slice!E129))-01_因子設定!$B$14,01_因子設定!$B$15-(_slice!E104+04_回帰ANOVA!$K$19*04_回帰ANOVA!$K$14*SQRT(1+_slice!E129))))),"外") -> -6.5318974 | F63: =IF(AND(_slice!$H$5=1,F$41>=_slice!$H$6-0.000000001,F$41<=_slice!$I$6+0.000000001,$B63>=_slice!$H$7-0.000000001,$B63<=_slice!$I$7+0.000000001,IF(01_因子設定!$B$20="Box-Behnken",F$41^2+$B63^2+_slice!$H$8<=2+0.000000001,TRUE())),IF(01_因子設定!$B$13="最大化",(_slice!F104-04_回帰ANOVA!$K$19*04_回帰ANOVA!$K$14*SQRT(1+_slice!F129))-01_因子設定!$B$14,IF(01_因子設定!$B$13="最小化",01_因子設定!$B$15-(_slice!F104+04_回帰ANOVA!$K$19*04_回帰ANOVA!$K$14*SQRT(1+_slice!F129)),MIN((_slice!F104-04_回帰ANOVA!$K$19*04_回帰ANOVA!$K$14*SQRT(1+_slice!F129))-01_因子設定!$B$14,01_因子設定!$B$15-(_slice!F104+04_回帰ANOVA!$K$19*04_回帰ANOVA!$K$14*SQRT(1+_slice!F129))))),"外") -> -6.0671253 | G63: =IF(AND(_slice!$H$5=1,G$41>=_slice!$H$6-0.000000001,G$41<=_slice!$I$6+0.000000001,$B63>=_slice!$H$7-0.000000001,$B63<=_slice!$I$7+0.000000001,IF(01_因子設定!$B$20="Box-Behnken",G$41^2+$B63^2+_slice!$H$8<=2+0.000000001,TRUE())),IF(01_因子設定!$B$13="最大化",(_slice!G104-04_回帰ANOVA!$K$19*04_回帰ANOVA!$K$14*SQRT(1+_slice!G129))-01_因子設定!$B$14,IF(01_因子設定!$B$13="最小化",01_因子設定!$B$15-(_slice!G104+04_回帰ANOVA!$K$19*04_回帰ANOVA!$K$14*SQRT(1+_slice!G129)),MIN((_slice!G104-04_回帰ANOVA!$K$19*04_回帰ANOVA!$K$14*SQRT(1+_slice!G129))-01_因子設定!$B$14,01_因子設定!$B$15-(_slice!G104+04_回帰ANOVA!$K$19*04_回帰ANOVA!$K$14*SQRT(1+_slice!G129))))),"外") -> -5.6637019 | H63: =IF(AND(_slice!$H$5=1,H$41>=_slice!$H$6-0.000000001,H$41<=_slice!$I$6+0.000000001,$B63>=_slice!$H$7-0.000000001,$B63<=_slice!$I$7+0.000000001,IF(01_因子設定!$B$20="Box-Behnken",H$41^2+$B63^2+_slice!$H$8<=2+0.000000001,TRUE())),IF(01_因子設定!$B$13="最大化",(_slice!H104-04_回帰ANOVA!$K$19*04_回帰ANOVA!$K$14*SQRT(1+_slice!H129))-01_因子設定!$B$14,IF(01_因子設定!$B$13="最小化",01_因子設定!$B$15-(_slice!H104+04_回帰ANOVA!$K$19*04_回帰ANOVA!$K$14*SQRT(1+_slice!H129)),MIN((_slice!H104-04_回帰ANOVA!$K$19*04_回帰ANOVA!$K$14*SQRT(1+_slice!H129))-01_因子設定!$B$14,01_因子設定!$B$15-(_slice!H104+04_回帰ANOVA!$K$19*04_回帰ANOVA!$K$14*SQRT(1+_slice!H129))))),"外") -> -5.3184308 | I63: =IF(AND(_slice!$H$5=1,I$41>=_slice!$H$6-0.000000001,I$41<=_slice!$I$6+0.000000001,$B63>=_slice!$H$7-0.000000001,$B63<=_slice!$I$7+0.000000001,IF(01_因子設定!$B$20="Box-Behnken",I$41^2+$B63^2+_slice!$H$8<=2+0.000000001,TRUE())),IF(01_因子設定!$B$13="最大化",(_slice!I104-04_回帰ANOVA!$K$19*04_回帰ANOVA!$K$14*SQRT(1+_slice!I129))-01_因子設定!$B$14,IF(01_因子設定!$B$13="最小化",01_因子設定!$B$15-(_slice!I104+04_回帰ANOVA!$K$19*04_回帰ANOVA!$K$14*SQRT(1+_slice!I129)),MIN((_slice!I104-04_回帰ANOVA!$K$19*04_回帰ANOVA!$K$14*SQRT(1+_slice!I129))-01_因子設定!$B$14,01_因子設定!$B$15-(_slice!I104+04_回帰ANOVA!$K$19*04_回帰ANOVA!$K$14*SQRT(1+_slice!I129))))),"外") -> -5.0285129 | J63: =IF(AND(_slice!$H$5=1,J$41>=_slice!$H$6-0.000000001,J$41<=_slice!$I$6+0.000000001,$B63>=_slice!$H$7-0.000000001,$B63<=_slice!$I$7+0.000000001,IF(01_因子設定!$B$20="Box-Behnken",J$41^2+$B63^2+_slice!$H$8<=2+0.000000001,TRUE())),IF(01_因子設定!$B$13="最大化",(_slice!J104-04_回帰ANOVA!$K$19*04_回帰ANOVA!$K$14*SQRT(1+_slice!J129))-01_因子設定!$B$14,IF(01_因子設定!$B$13="最小化",01_因子設定!$B$15-(_slice!J104+04_回帰ANOVA!$K$19*04_回帰ANOVA!$K$14*SQRT(1+_slice!J129)),MIN((_slice!J104-04_回帰ANOVA!$K$19*04_回帰ANOVA!$K$14*SQRT(1+_slice!J129))-01_因子設定!$B$14,01_因子設定!$B$15-(_slice!J104+04_回帰ANOVA!$K$19*04_回帰ANOVA!$K$14*SQRT(1+_slice!J129))))),"外") -> -4.791642 | ... W63: =IF(AND(_slice!$H$5=1,W$41>=_slice!$H$6-0.000000001,W$41<=_slice!$I$6+0.000000001,$B63>=_slice!$H$7-0.000000001,$B63<=_slice!$I$7+0.000000001,IF(01_因子設定!$B$20="Box-Behnken",W$41^2+$B63^2+_slice!$H$8<=2+0.000000001,TRUE())),IF(01_因子設定!$B$13="最大化",(_slice!W104-04_回帰ANOVA!$K$19*04_回帰ANOVA!$K$14*SQRT(1+_slice!W129))-01_因子設定!$B$14,IF(01_因子設定!$B$13="最小化",01_因子設定!$B$15-(_slice!W104+04_回帰ANOVA!$K$19*04_回帰ANOVA!$K$14*SQRT(1+_slice!W129)),MIN((_slice!W104-04_回帰ANOVA!$K$19*04_回帰ANOVA!$K$14*SQRT(1+_slice!W129))-01_因子設定!$B$14,01_因子設定!$B$15-(_slice!W104+04_回帰ANOVA!$K$19*04_回帰ANOVA!$K$14*SQRT(1+_slice!W129))))),"外") -> -6.423031
A65: ③ 1因子ずつの工程窓（他の因子はロバスト最適点に固定、0.05刻み）
A66: 因子 | B66: 最適(コード) | C66: 窓下限(コード) | D66: 窓上限(コード) | E66: 窓下限(実値) | F66: 窓上限(実値) | G66: 単位
A67: =01_因子設定!B5 -> 炉温 | B67: =07_最適化!$B$6 -> 0.5 | C67: =IF(SUMIFS(_win!$AB$5:$AB$168,_win!$A$5:$A$168,1,_win!$B$5:$B$168,">"&(B67-0.0001),_win!$B$5:$B$168,"<"&(B67+0.0001))=0,"該当なし",IF(COUNTIFS(_win!$A$5:$A$168,1,_win!$B$5:$B$168,"<="&(B67+0.0001),_win!$AB$5:$AB$168,0)=0,-1,ROUND(_xlfn.MAXIFS(_win!$B$5:$B$168,_win!$A$5:$A$168,1,_win!$B$5:$B$168,"<="&(B67+0.0001),_win!$AB$5:$AB$168,0)+0.05,4))) -> -0.3 | D67: =IF(SUMIFS(_win!$AB$5:$AB$168,_win!$A$5:$A$168,1,_win!$B$5:$B$168,">"&(B67-0.0001),_win!$B$5:$B$168,"<"&(B67+0.0001))=0,"該当なし",IF(COUNTIFS(_win!$A$5:$A$168,1,_win!$B$5:$B$168,">="&(B67-0.0001),_win!$AB$5:$AB$168,0)=0,1,ROUND(_xlfn.MINIFS(_win!$B$5:$B$168,_win!$A$5:$A$168,1,_win!$B$5:$B$168,">="&(B67-0.0001),_win!$AB$5:$AB$168,0)-0.05,4))) -> 1 | E67: =IF(ISNUMBER(C67),01_因子設定!G5+C67*01_因子設定!H5,"") -> 62 | F67: =IF(ISNUMBER(D67),01_因子設定!G5+D67*01_因子設定!H5,"") -> 75 | G67: =01_因子設定!D5 -> ℃
A68: =01_因子設定!B6 -> 乾燥時間 | B68: =07_最適化!$B$7 -> 0.5 | C68: =IF(SUMIFS(_win!$AB$5:$AB$168,_win!$A$5:$A$168,2,_win!$B$5:$B$168,">"&(B68-0.0001),_win!$B$5:$B$168,"<"&(B68+0.0001))=0,"該当なし",IF(COUNTIFS(_win!$A$5:$A$168,2,_win!$B$5:$B$168,"<="&(B68+0.0001),_win!$AB$5:$AB$168,0)=0,-1,ROUND(_xlfn.MAXIFS(_win!$B$5:$B$168,_win!$A$5:$A$168,2,_win!$B$5:$B$168,"<="&(B68+0.0001),_win!$AB$5:$AB$168,0)+0.05,4))) -> -0.2 | D68: =IF(SUMIFS(_win!$AB$5:$AB$168,_win!$A$5:$A$168,2,_win!$B$5:$B$168,">"&(B68-0.0001),_win!$B$5:$B$168,"<"&(B68+0.0001))=0,"該当なし",IF(COUNTIFS(_win!$A$5:$A$168,2,_win!$B$5:$B$168,">="&(B68-0.0001),_win!$AB$5:$AB$168,0)=0,1,ROUND(_xlfn.MINIFS(_win!$B$5:$B$168,_win!$A$5:$A$168,2,_win!$B$5:$B$168,">="&(B68-0.0001),_win!$AB$5:$AB$168,0)-0.05,4))) -> 1 | E68: =IF(ISNUMBER(C68),01_因子設定!G6+C68*01_因子設定!H6,"") -> 28 | F68: =IF(ISNUMBER(D68),01_因子設定!G6+D68*01_因子設定!H6,"") -> 40 | G68: =01_因子設定!D6 -> min
A69: =01_因子設定!B7 -> 循環風速 | B69: =07_最適化!$B$8 -> 0.5 | C69: =IF(SUMIFS(_win!$AB$5:$AB$168,_win!$A$5:$A$168,3,_win!$B$5:$B$168,">"&(B69-0.0001),_win!$B$5:$B$168,"<"&(B69+0.0001))=0,"該当なし",IF(COUNTIFS(_win!$A$5:$A$168,3,_win!$B$5:$B$168,"<="&(B69+0.0001),_win!$AB$5:$AB$168,0)=0,-1,ROUND(_xlfn.MAXIFS(_win!$B$5:$B$168,_win!$A$5:$A$168,3,_win!$B$5:$B$168,"<="&(B69+0.0001),_win!$AB$5:$AB$168,0)+0.05,4))) -> -0.75 | D69: =IF(SUMIFS(_win!$AB$5:$AB$168,_win!$A$5:$A$168,3,_win!$B$5:$B$168,">"&(B69-0.0001),_win!$B$5:$B$168,"<"&(B69+0.0001))=0,"該当なし",IF(COUNTIFS(_win!$A$5:$A$168,3,_win!$B$5:$B$168,">="&(B69-0.0001),_win!$AB$5:$AB$168,0)=0,1,ROUND(_xlfn.MINIFS(_win!$B$5:$B$168,_win!$A$5:$A$168,3,_win!$B$5:$B$168,">="&(B69-0.0001),_win!$AB$5:$AB$168,0)-0.05,4))) -> 1 | E69: =IF(ISNUMBER(C69),01_因子設定!G7+C69*01_因子設定!H7,"") -> 1.25 | F69: =IF(ISNUMBER(D69),01_因子設定!G7+D69*01_因子設定!H7,"") -> 3 | G69: =01_因子設定!D7 -> m/s
A70: =01_因子設定!B8 -> 給気率 | B70: =07_最適化!$B$9 -> 0.5 | C70: =IF(SUMIFS(_win!$AB$5:$AB$168,_win!$A$5:$A$168,4,_win!$B$5:$B$168,">"&(B70-0.0001),_win!$B$5:$B$168,"<"&(B70+0.0001))=0,"該当なし",IF(COUNTIFS(_win!$A$5:$A$168,4,_win!$B$5:$B$168,"<="&(B70+0.0001),_win!$AB$5:$AB$168,0)=0,-1,ROUND(_xlfn.MAXIFS(_win!$B$5:$B$168,_win!$A$5:$A$168,4,_win!$B$5:$B$168,"<="&(B70+0.0001),_win!$AB$5:$AB$168,0)+0.05,4))) -> -1 | D70: =IF(SUMIFS(_win!$AB$5:$AB$168,_win!$A$5:$A$168,4,_win!$B$5:$B$168,">"&(B70-0.0001),_win!$B$5:$B$168,"<"&(B70+0.0001))=0,"該当なし",IF(COUNTIFS(_win!$A$5:$A$168,4,_win!$B$5:$B$168,">="&(B70-0.0001),_win!$AB$5:$AB$168,0)=0,1,ROUND(_xlfn.MINIFS(_win!$B$5:$B$168,_win!$A$5:$A$168,4,_win!$B$5:$B$168,">="&(B70-0.0001),_win!$AB$5:$AB$168,0)-0.05,4))) -> 1 | E70: =IF(ISNUMBER(C70),01_因子設定!G8+C70*01_因子設定!H8,"") -> 20 | F70: =IF(ISNUMBER(D70),01_因子設定!G8+D70*01_因子設定!H8,"") -> 60 | G70: =01_因子設定!D8 -> %
A71: 注意：③は1因子だけを動かした範囲なので楽観的。複数因子が同時にずれると外れることがある → ④で必ず組合せ確認。
A74: ④ 提案工程窓の組合せチェック（各因子の下限・中央・上限の全組合せ 3^4=81点を評価）
A75: 因子 | C75: 窓下限(実値) | D75: 窓上限(実値) | E75: 単位
A76: =01_因子設定!B5 -> 炉温 | C76: =IF(ISNUMBER(E67),E67,01_因子設定!G5) -> 62 | D76: =IF(ISNUMBER(F67),F67,01_因子設定!G5) -> 75 | E76: =01_因子設定!D5 -> ℃ | F76: 初期値は③の窓にリンク。実際に運用したい範囲（例：炉温65〜70℃）を数値で上書きして確認します。
A77: =01_因子設定!B6 -> 乾燥時間 | C77: =IF(ISNUMBER(E68),E68,01_因子設定!G6) -> 28 | D77: =IF(ISNUMBER(F68),F68,01_因子設定!G6) -> 40 | E77: =01_因子設定!D6 -> min
A78: =01_因子設定!B7 -> 循環風速 | C78: =IF(ISNUMBER(E69),E69,01_因子設定!G7) -> 1.25 | D78: =IF(ISNUMBER(F69),F69,01_因子設定!G7) -> 3 | E78: =01_因子設定!D7 -> m/s
A79: =01_因子設定!B8 -> 給気率 | C79: =IF(ISNUMBER(E70),E70,01_因子設定!G8) -> 20 | D79: =IF(ISNUMBER(F70),F70,01_因子設定!G8) -> 60 | E79: =01_因子設定!D8 -> %
A81: 評価点数 | C81: =COUNT(_win!AG173:AG253) -> 81
A82: 安全限界・領域外の点 | C82: =COUNTIF(_win!AF173:AF253,FALSE()) -> 0
A83: 規格外のおそれがある点 | C83: =COUNTIF(_win!AG173:AG253,"<0") -> 68
A84: 最小の余裕 | C84: =MIN(_win!AG173:AG253) -> -3.8508656
A85: 最悪の組合せ（実値） | C85: =INDEX(_win!E173:E253,MATCH(MIN(_win!AG173:AG253),_win!AG173:AG253,0)) -> 62 | D85: =INDEX(_win!F173:F253,MATCH(MIN(_win!AG173:AG253),_win!AG173:AG253,0)) -> 40 | E85: =INDEX(_win!G173:G253,MATCH(MIN(_win!AG173:AG253),_win!AG173:AG253,0)) -> 1.25 | F85: =INDEX(_win!H173:H253,MATCH(MIN(_win!AG173:AG253),_win!AG173:AG253,0)) -> 60
C86: =01_因子設定!B5 -> 炉温 | D86: =01_因子設定!B6 -> 乾燥時間 | E86: =01_因子設定!B7 -> 循環風速 | F86: =01_因子設定!B8 -> 給気率
A87: 判定 | C87: =IF(C82>0,"× 安全限界・領域外の条件を含む → 窓を狭める",IF(C83=0,"○ 提案窓の全組合せで、予測限界でも規格を満たす","× "&C83&"点で規格外のおそれ → 最悪の組合せの方向を狭める")) -> × 68点で規格外のおそれ → 最悪の組合せの方向を狭める

Sheet 09_確認実験
A1: 09 確認実験（予測 vs 実測）
A2: 推奨条件で確認実験を行い、実測値が両側予測区間に入るかを確認。1行目はロバスト最適にリンク済み（上書き可）。
A4: No | B4: =01_因子設定!B5&"["&01_因子設定!D5&"]" -> 炉温[℃] | C4: =01_因子設定!B6&"["&01_因子設定!D6&"]" -> 乾燥時間[min] | D4: =01_因子設定!B7&"["&01_因子設定!D7&"]" -> 循環風速[m/s] | E4: =01_因子設定!B8&"["&01_因子設定!D8&"]" -> 給気率[%] | F4: Y実測 | G4: 予測Y | H4: 予測区間下限(両側) | I4: 予測区間上限(両側) | J4: モデル判定 | K4: 規格判定 | N4: X1c | O4: X2c | P4: X3c | Q4: X4c | S4: 切片 | T4: X1 | U4: X2 | V4: X3 | W4: X4 | X4: X1·X2 | Y4: X1·X3 | Z4: X1·X4 | AA4: X2·X3 | AB4: X2·X4 | AC4: X3·X4 | AD4: X1² | AE4: X2² | AF4: X3² | AG4: X4² | AH4: q
A5: 1 | B5: =07_最適化!$B$10 -> 70 | C5: =07_最適化!$B$11 -> 35 | D5: =07_最適化!$B$12 -> 2.5 | E5: =07_最適化!$B$13 -> 50 | G5: =IF(B5="","",SUMPRODUCT(S5:AG5,_XtX!$B$96:$P$96)) -> 49.341758 | H5: =IF(B5="","",G5-04_回帰ANOVA!$K$23*04_回帰ANOVA!$K$14*SQRT(1+AH5)) -> 47.654231 | I5: =IF(B5="","",G5+04_回帰ANOVA!$K$23*04_回帰ANOVA!$K$14*SQRT(1+AH5)) -> 51.029285 | J5: =IF(OR(B5="",F5=""),"",IF(AND(F5>=H5,F5<=I5),"○ 予測区間内","× 区間外 → 原因調査・モデル再検討")) | K5: =IF(F5="","",IF(OR(AND(01_因子設定!$B$14<>"",F5<01_因子設定!$B$14),AND(01_因子設定!$B$15<>"",F5>01_因子設定!$B$15)),"規格外","規格内")) | N5: =IF(B5="","",(B5-01_因子設定!$G$5)/01_因子設定!$H$5) -> 0.5 | O5: =IF(C5="","",(C5-01_因子設定!$G$6)/01_因子設定!$H$6) -> 0.5 | P5: =IF(D5="","",(D5-01_因子設定!$G$7)/01_因子設定!$H$7) -> 0.5 | Q5: =IF(E5="","",(E5-01_因子設定!$G$8)/01_因子設定!$H$8) -> 0.5 | S5: =IF($B5="",0,1) -> 1 | T5: =IF($B5="",0,N5) -> 0.5 | U5: =IF($B5="",0,O5) -> 0.5 | V5: =IF($B5="",0,P5) -> 0.5 | W5: =IF($B5="",0,Q5) -> 0.5 | X5: =IF($B5="",0,N5*O5) -> 0.25 | Y5: =IF($B5="",0,N5*P5) -> 0.25 | Z5: =IF($B5="",0,N5*Q5) -> 0.25 | AA5: =IF($B5="",0,O5*P5) -> 0.25 | AB5: =IF($B5="",0,O5*Q5) -> 0.25 | AC5: =IF($B5="",0,P5*Q5) -> 0.25 | AD5: =IF($B5="",0,N5*N5) -> 0.25 | AE5: =IF($B5="",0,O5*O5) -> 0.25 | AF5: =IF($B5="",0,P5*P5) -> 0.25 | AG5: =IF($B5="",0,Q5*Q5) -> 0.25 | AH5: =SUMPRODUCT(MMULT(S5:AG5,_XtX!$B$78:$P$92),S5:AG5) -> 0.13381762
A6: 2 | G6: =IF(B6="","",SUMPRODUCT(S6:AG6,_XtX!$B$96:$P$96)) | H6: =IF(B6="","",G6-04_回帰ANOVA!$K$23*04_回帰ANOVA!$K$14*SQRT(1+AH6)) | I6: =IF(B6="","",G6+04_回帰ANOVA!$K$23*04_回帰ANOVA!$K$14*SQRT(1+AH6)) | J6: =IF(OR(B6="",F6=""),"",IF(AND(F6>=H6,F6<=I6),"○ 予測区間内","× 区間外 → 原因調査・モデル再検討")) | K6: =IF(F6="","",IF(OR(AND(01_因子設定!$B$14<>"",F6<01_因子設定!$B$14),AND(01_因子設定!$B$15<>"",F6>01_因子設定!$B$15)),"規格外","規格内")) | N6: =IF(B6="","",(B6-01_因子設定!$G$5)/01_因子設定!$H$5) | O6: =IF(C6="","",(C6-01_因子設定!$G$6)/01_因子設定!$H$6) | P6: =IF(D6="","",(D6-01_因子設定!$G$7)/01_因子設定!$H$7) | Q6: =IF(E6="","",(E6-01_因子設定!$G$8)/01_因子設定!$H$8) | S6: =IF($B6="",0,1) -> 0 | T6: =IF($B6="",0,N6) -> 0 | U6: =IF($B6="",0,O6) -> 0 | V6: =IF($B6="",0,P6) -> 0 | W6: =IF($B6="",0,Q6) -> 0 | X6: =IF($B6="",0,N6*O6) -> 0 | Y6: =IF($B6="",0,N6*P6) -> 0 | Z6: =IF($B6="",0,N6*Q6) -> 0 | AA6: =IF($B6="",0,O6*P6) -> 0 | AB6: =IF($B6="",0,O6*Q6) -> 0 | AC6: =IF($B6="",0,P6*Q6) -> 0 | AD6: =IF($B6="",0,N6*N6) -> 0 | AE6: =IF($B6="",0,O6*O6) -> 0 | AF6: =IF($B6="",0,P6*P6) -> 0 | AG6: =IF($B6="",0,Q6*Q6) -> 0 | AH6: =SUMPRODUCT(MMULT(S6:AG6,_XtX!$B$78:$P$92),S6:AG6) -> 0
A7: 3 | G7: =IF(B7="","",SUMPRODUCT(S7:AG7,_XtX!$B$96:$P$96)) | H7: =IF(B7="","",G7-04_回帰ANOVA!$K$23*04_回帰ANOVA!$K$14*SQRT(1+AH7)) | I7: =IF(B7="","",G7+04_回帰ANOVA!$K$23*04_回帰ANOVA!$K$14*SQRT(1+AH7)) | J7: =IF(OR(B7="",F7=""),"",IF(AND(F7>=H7,F7<=I7),"○ 予測区間内","× 区間外 → 原因調査・モデル再検討")) | K7: =IF(F7="","",IF(OR(AND(01_因子設定!$B$14<>"",F7<01_因子設定!$B$14),AND(01_因子設定!$B$15<>"",F7>01_因子設定!$B$15)),"規格外","規格内")) | N7: =IF(B7="","",(B7-01_因子設定!$G$5)/01_因子設定!$H$5) | O7: =IF(C7="","",(C7-01_因子設定!$G$6)/01_因子設定!$H$6) | P7: =IF(D7="","",(D7-01_因子設定!$G$7)/01_因子設定!$H$7) | Q7: =IF(E7="","",(E7-01_因子設定!$G$8)/01_因子設定!$H$8) | S7: =IF($B7="",0,1) -> 0 | T7: =IF($B7="",0,N7) -> 0 | U7: =IF($B7="",0,O7) -> 0 | V7: =IF($B7="",0,P7) -> 0 | W7: =IF($B7="",0,Q7) -> 0 | X7: =IF($B7="",0,N7*O7) -> 0 | Y7: =IF($B7="",0,N7*P7) -> 0 | Z7: =IF($B7="",0,N7*Q7) -> 0 | AA7: =IF($B7="",0,O7*P7) -> 0 | AB7: =IF($B7="",0,O7*Q7) -> 0 | AC7: =IF($B7="",0,P7*Q7) -> 0 | AD7: =IF($B7="",0,N7*N7) -> 0 | AE7: =IF($B7="",0,O7*O7) -> 0 | AF7: =IF($B7="",0,P7*P7) -> 0 | AG7: =IF($B7="",0,Q7*Q7) -> 0 | AH7: =SUMPRODUCT(MMULT(S7:AG7,_XtX!$B$78:$P$92),S7:AG7) -> 0
A8: 4 | G8: =IF(B8="","",SUMPRODUCT(S8:AG8,_XtX!$B$96:$P$96)) | H8: =IF(B8="","",G8-04_回帰ANOVA!$K$23*04_回帰ANOVA!$K$14*SQRT(1+AH8)) | I8: =IF(B8="","",G8+04_回帰ANOVA!$K$23*04_回帰ANOVA!$K$14*SQRT(1+AH8)) | J8: =IF(OR(B8="",F8=""),"",IF(AND(F8>=H8,F8<=I8),"○ 予測区間内","× 区間外 → 原因調査・モデル再検討")) | K8: =IF(F8="","",IF(OR(AND(01_因子設定!$B$14<>"",F8<01_因子設定!$B$14),AND(01_因子設定!$B$15<>"",F8>01_因子設定!$B$15)),"規格外","規格内")) | N8: =IF(B8="","",(B8-01_因子設定!$G$5)/01_因子設定!$H$5) | O8: =IF(C8="","",(C8-01_因子設定!$G$6)/01_因子設定!$H$6) | P8: =IF(D8="","",(D8-01_因子設定!$G$7)/01_因子設定!$H$7) | Q8: =IF(E8="","",(E8-01_因子設定!$G$8)/01_因子設定!$H$8) | S8: =IF($B8="",0,1) -> 0 | T8: =IF($B8="",0,N8) -> 0 | U8: =IF($B8="",0,O8) -> 0 | V8: =IF($B8="",0,P8) -> 0 | W8: =IF($B8="",0,Q8) -> 0 | X8: =IF($B8="",0,N8*O8) -> 0 | Y8: =IF($B8="",0,N8*P8) -> 0 | Z8: =IF($B8="",0,N8*Q8) -> 0 | AA8: =IF($B8="",0,O8*P8) -> 0 | AB8: =IF($B8="",0,O8*Q8) -> 0 | AC8: =IF($B8="",0,P8*Q8) -> 0 | AD8: =IF($B8="",0,N8*N8) -> 0 | AE8: =IF($B8="",0,O8*O8) -> 0 | AF8: =IF($B8="",0,P8*P8) -> 0 | AG8: =IF($B8="",0,Q8*Q8) -> 0 | AH8: =SUMPRODUCT(MMULT(S8:AG8,_XtX!$B$78:$P$92),S8:AG8) -> 0
A9: 5 | G9: =IF(B9="","",SUMPRODUCT(S9:AG9,_XtX!$B$96:$P$96)) | H9: =IF(B9="","",G9-04_回帰ANOVA!$K$23*04_回帰ANOVA!$K$14*SQRT(1+AH9)) | I9: =IF(B9="","",G9+04_回帰ANOVA!$K$23*04_回帰ANOVA!$K$14*SQRT(1+AH9)) | J9: =IF(OR(B9="",F9=""),"",IF(AND(F9>=H9,F9<=I9),"○ 予測区間内","× 区間外 → 原因調査・モデル再検討")) | K9: =IF(F9="","",IF(OR(AND(01_因子設定!$B$14<>"",F9<01_因子設定!$B$14),AND(01_因子設定!$B$15<>"",F9>01_因子設定!$B$15)),"規格外","規格内")) | N9: =IF(B9="","",(B9-01_因子設定!$G$5)/01_因子設定!$H$5) | O9: =IF(C9="","",(C9-01_因子設定!$G$6)/01_因子設定!$H$6) | P9: =IF(D9="","",(D9-01_因子設定!$G$7)/01_因子設定!$H$7) | Q9: =IF(E9="","",(E9-01_因子設定!$G$8)/01_因子設定!$H$8) | S9: =IF($B9="",0,1) -> 0 | T9: =IF($B9="",0,N9) -> 0 | U9: =IF($B9="",0,O9) -> 0 | V9: =IF($B9="",0,P9) -> 0 | W9: =IF($B9="",0,Q9) -> 0 | X9: =IF($B9="",0,N9*O9) -> 0 | Y9: =IF($B9="",0,N9*P9) -> 0 | Z9: =IF($B9="",0,N9*Q9) -> 0 | AA9: =IF($B9="",0,O9*P9) -> 0 | AB9: =IF($B9="",0,O9*Q9) -> 0 | AC9: =IF($B9="",0,P9*Q9) -> 0 | AD9: =IF($B9="",0,N9*N9) -> 0 | AE9: =IF($B9="",0,O9*O9) -> 0 | AF9: =IF($B9="",0,P9*P9) -> 0 | AG9: =IF($B9="",0,Q9*Q9) -> 0 | AH9: =SUMPRODUCT(MMULT(S9:AG9,_XtX!$B$78:$P$92),S9:AG9) -> 0
A11: 確認実験は同条件で3回以上を推奨。平均が予測区間の中にあり、個々も区間内ならモデルを採用。外れたら02〜04へ戻る。

Sheet _XtX
A1: 計算用：モデル行列・正規方程式（編集不要）
A3: 使用項→ | B3: =INDEX(04_回帰ANOVA!$B$6:$B$20,1) -> 1 | C3: =INDEX(04_回帰ANOVA!$B$6:$B$20,2) -> 1 | D3: =INDEX(04_回帰ANOVA!$B$6:$B$20,3) -> 1 | E3: =INDEX(04_回帰ANOVA!$B$6:$B$20,4) -> 1 | F3: =INDEX(04_回帰ANOVA!$B$6:$B$20,5) -> 1 | G3: =INDEX(04_回帰ANOVA!$B$6:$B$20,6) -> 1 | H3: =INDEX(04_回帰ANOVA!$B$6:$B$20,7) -> 1 | I3: =INDEX(04_回帰ANOVA!$B$6:$B$20,8) -> 1 | J3: =INDEX(04_回帰ANOVA!$B$6:$B$20,9) -> 1 | K3: =INDEX(04_回帰ANOVA!$B$6:$B$20,10) -> 1 | L3: =INDEX(04_回帰ANOVA!$B$6:$B$20,11) -> 1 | M3: =INDEX(04_回帰ANOVA!$B$6:$B$20,12) -> 1 | N3: =INDEX(04_回帰ANOVA!$B$6:$B$20,13) -> 1 | O3: =INDEX(04_回帰ANOVA!$B$6:$B$20,14) -> 1 | P3: =INDEX(04_回帰ANOVA!$B$6:$B$20,15) -> 1
A4: 使用 | B4: 切片 | C4: X1 | D4: X2 | E4: X3 | F4: X4 | G4: X1·X2 | H4: X1·X3 | I4: X1·X4 | J4: X2·X3 | K4: X2·X4 | L4: X3·X4 | M4: X1² | N4: X2² | O4: X3² | P4: X4² | Q4: Y | S4: てこ比h | T4: 予測 | U4: 残差
A5: =02_実験計画!C5 -> 1 | B5: =$A5 -> 1 | C5: =02_実験計画!D5 -> -1 | D5: =02_実験計画!E5 -> -1 | E5: =02_実験計画!F5 -> -1 | F5: =02_実験計画!G5 -> -1 | G5: =02_実験計画!D5*02_実験計画!E5 -> 1 | H5: =02_実験計画!D5*02_実験計画!F5 -> 1 | I5: =02_実験計画!D5*02_実験計画!G5 -> 1 | J5: =02_実験計画!E5*02_実験計画!F5 -> 1 | K5: =02_実験計画!E5*02_実験計画!G5 -> 1 | L5: =02_実験計画!F5*02_実験計画!G5 -> 1 | M5: =02_実験計画!D5*02_実験計画!D5 -> 1 | N5: =02_実験計画!E5*02_実験計画!E5 -> 1 | O5: =02_実験計画!F5*02_実験計画!F5 -> 1 | P5: =02_実験計画!G5*02_実験計画!G5 -> 1 | Q5: =02_実験計画!P5*A5 -> 37.7 | S5: =IF(A5=1,SUMPRODUCT(MMULT(B5:P5,$B$78:$P$92),B5:P5),0) -> 0.65862573 | T5: =IF(A5=1,SUMPRODUCT(B5:P5,$B$96:$P$96),0) -> 37.176681 | U5: =IF(A5=1,Q5-T5,0) -> 0.52331871
A6: =02_実験計画!C6 -> 1 | B6: =$A6 -> 1 | C6: =02_実験計画!D6 -> 1 | D6: =02_実験計画!E6 -> -1 | E6: =02_実験計画!F6 -> -1 | F6: =02_実験計画!G6 -> -1 | G6: =02_実験計画!D6*02_実験計画!E6 -> -1 | H6: =02_実験計画!D6*02_実験計画!F6 -> -1 | I6: =02_実験計画!D6*02_実験計画!G6 -> -1 | J6: =02_実験計画!E6*02_実験計画!F6 -> 1 | K6: =02_実験計画!E6*02_実験計画!G6 -> 1 | L6: =02_実験計画!F6*02_実験計画!G6 -> 1 | M6: =02_実験計画!D6*02_実験計画!D6 -> 1 | N6: =02_実験計画!E6*02_実験計画!E6 -> 1 | O6: =02_実験計画!F6*02_実験計画!F6 -> 1 | P6: =02_実験計画!G6*02_実験計画!G6 -> 1 | Q6: =02_実験計画!P6*A6 -> 39.4 | S6: =IF(A6=1,SUMPRODUCT(MMULT(B6:P6,$B$78:$P$92),B6:P6),0) -> 0.65862573 | T6: =IF(A6=1,SUMPRODUCT(B6:P6,$B$96:$P$96),0) -> 39.987792 | U6: =IF(A6=1,Q6-T6,0) -> -0.5877924
A7: =02_実験計画!C7 -> 1 | B7: =$A7 -> 1 | C7: =02_実験計画!D7 -> -1 | D7: =02_実験計画!E7 -> 1 | E7: =02_実験計画!F7 -> -1 | F7: =02_実験計画!G7 -> -1 | G7: =02_実験計画!D7*02_実験計画!E7 -> -1 | H7: =02_実験計画!D7*02_実験計画!F7 -> 1 | I7: =02_実験計画!D7*02_実験計画!G7 -> 1 | J7: =02_実験計画!E7*02_実験計画!F7 -> -1 | K7: =02_実験計画!E7*02_実験計画!G7 -> -1 | L7: =02_実験計画!F7*02_実験計画!G7 -> 1 | M7: =02_実験計画!D7*02_実験計画!D7 -> 1 | N7: =02_実験計画!E7*02_実験計画!E7 -> 1 | O7: =02_実験計画!F7*02_実験計画!F7 -> 1 | P7: =02_実験計画!G7*02_実験計画!G7 -> 1 | Q7: =02_実験計画!P7*A7 -> 38.7 | S7: =IF(A7=1,SUMPRODUCT(MMULT(B7:P7,$B$78:$P$92),B7:P7),0) -> 0.65862573 | T7: =IF(A7=1,SUMPRODUCT(B7:P7,$B$96:$P$96),0) -> 38.91557 | U7: =IF(A7=1,Q7-T7,0) -> -0.21557018
A8: =02_実験計画!C8 -> 1 | B8: =$A8 -> 1 | C8: =02_実験計画!D8 -> 1 | D8: =02_実験計画!E8 -> 1 | E8: =02_実験計画!F8 -> -1 | F8: =02_実験計画!G8 -> -1 | G8: =02_実験計画!D8*02_実験計画!E8 -> 1 | H8: =02_実験計画!D8*02_実験計画!F8 -> -1 | I8: =02_実験計画!D8*02_実験計画!G8 -> -1 | J8: =02_実験計画!E8*02_実験計画!F8 -> -1 | K8: =02_実験計画!E8*02_実験計画!G8 -> -1 | L8: =02_実験計画!F8*02_実験計画!G8 -> 1 | M8: =02_実験計画!D8*02_実験計画!D8 -> 1 | N8: =02_実験計画!E8*02_実験計画!E8 -> 1 | O8: =02_実験計画!F8*02_実験計画!F8 -> 1 | P8: =02_実験計画!G8*02_実験計画!G8 -> 1 | Q8: =02_実験計画!P8*A8 -> 46.6 | S8: =IF(A8=1,SUMPRODUCT(MMULT(B8:P8,$B$78:$P$92),B8:P8),0) -> 0.65862573 | T8: =IF(A8=1,SUMPRODUCT(B8:P8,$B$96:$P$96),0) -> 46.226681 | U8: =IF(A8=1,Q8-T8,0) -> 0.37331871
